hr,holiday,weekday,workingday,weathersit,temp,atemp,hum,windspeed,casual,registered,cnt
0,0,6,0,1,0.24,0.2879,0.81,0,18.26,13,16
0,0,6,0,1,0.24,0.2879,0.81,0,18.26,13,16
2,0,6,0,1,0.22,0.2727,0.8,0,5,27,32
3,0,13.8775,0,1,0.24,0.2879,0.75,0,,10,13
4,0,incons,0,1,0.24,0.2879,0.75,0,0,1,
5,0,,0,2,0.24,0.2576,0.75,0.0896,0,1,1
,0,6,0,1,0.22,0.2727,0.8,,2,0,2
7,,6,0,1,0.2,0.2576,0.86,0,1,26.7273625,3
8,0,6,0,3.5,0.24,0.2879,incons,0,1,7,8
9,0,6,0,1,0.32,0.3485,0.76,0,8,,14
incons,0,incons,0,1,0.38,0.3939,0.76,0.2537,12,24,36
11,0,6,-10.45,1,0.36,0.3333,0.81,0.2836,26,30,56
12,,6,0,1,0.42,0.4242,0.77,0.2836,29,55,incons
13,,6,0,2,0.46,0.4545,0.72,0.2985,47,47,94
14,0,6,0,2,0.46,0.4545,0.72,0.2836,35,,106
15,0,6,0,2,0.44,0.4394,0.77,0.2985,40,70,110
,0,6,0,,0.42,5.2925,0.82,-9.925,41,52,93
17,0,6,0,2,0.44,,0.82,0.2836,,52,67
18,0,6,0,3,,0.4242,0.88,incons,9,26,35
19,0,6,0,3,0.42,0.4242,,0.2537,6,31,37
20,0,6,0,2,0.4,0.4091,0.87,0.2537,11,25,
21,18.130475,-8.4625,0,incons,0.4,0.4091,0.87,0.194,3,31,34
22,0,6,0,2,0.4,0.4091,0.94,0.2239,11,,28
-6.625,0,6,0,2,0.46,0.4545,,0.2985,15,24,39
incons,0,0,0,2,0.46,0.4545,0.88,0.2985,4,13,17
1,0,0,-7.45,2,0.44,incons,0.94,0.2537,1,16,17
2,0,0,0,2,0.42,0.4242,1,0.2836,1,8,9
3,0,0,incons,2,0.46,0.4545,0.94,0.194,2,4,6
4,0,0,0,2,0.46,0.4545,0.94,0.194,2,1,3
6,0,0,incons,incons,0.42,5.2925,0.77,0.2985,0,2,2
7,0,0,0,2,0.4,0.4091,0.76,,0,,1
,0,0,0,3,0.4,0.4091,0.71,0.2239,0,26.7273625,8
9,0,,0,2,0.38,0.3939,0.76,0.2239,,19,20
10,0,0,0,-2.5,0.36,0.3485,0.81,0.2239,7,,53
11,0,0,,2,0.36,incons,-4.178,0.2537,16,,70
12,0,0,0,2,0.36,0.3333,0.66,0.2985,20,73,93
13,0,0,,2,0.36,0.3485,0.66,0.1343,11,26.7273625,75
14,0,0,0,3,0.36,0.3485,,0.194,4,55,59
15,0,0,0,3,0.34,0.3333,0.81,0.1642,19,55,74
16,0,0,,3,0.34,0.3333,0.71,0.1642,9,67,76
17,,0,incons,1,0.34,0.3333,0.57,0.194,7,,65
18,0,0,0,2,0.36,0.3333,0.46,0.3284,10,43,37.3936875
19,0,0,0,1,0.32,0.2879,,0.4478,-11.1,29,
20,0,0,0,1,3.4328,0.2727,0.39,,-11.1,17,22
21,18.130475,0,0,1,0.26,0.2273,0.44,0.3284,11,20,31
22,0,0,0,1,0.24,incons,0.44,0.2985,0,9,9
23,0,0,0,3.5,0.22,0.2273,0.47,0.1642,0,8,8
0,0,1,1,1,0.22,0.197,0.44,0.3582,0,5,5
1,0,1,1,,0.2,0.1667,0.44,0.4179,0,incons,2
,0,1,1,1,0.16,0.1364,0.47,0.3881,0,1,1
5,0,1,-10.45,1,,0.1364,0.47,,0,3,3
20.375,0,1,1,1,0.14,0.1061,0.5,0.3881,0,26.7273625,30
7,0,1,1,1,3.4328,0.1364,0.5,0.194,1,63,64
8,0,13.8775,1,incons,0.14,,0.5,,1,153,154
9,0,1,1,1,0.16,0.1364,0.43,0.3881,7,81,88
10,0,1,1,1,0.18,0.1667,0.43,0.2537,11,33,44
11,0,1,1,-2.5,-2.388,0.1818,0.4,0.3284,incons,41,51
12,0,incons,1,1,0.22,0.2121,0.35,0.2985,,48,61
13,18.130475,1,1,1,0.24,0.2121,0.35,0.2836,8,53,37.3936875
14,0,1,1,1,0.26,0.2424,0.3,0.2836,11,66,-22.3228125
15,0,1,incons,1,0.26,0.2424,11.9068,0.2537,14,58,72
16,0,1,1,1,0.26,0.2424,0.3,0.2537,9,67,incons
17,0,1,1,1,0.24,0.2273,0.3,0.2239,11,146,incons
18,incons,,1,1,0.24,,0.32,0.1045,9,148,
19,0,1,1,1,3.4328,0.2576,,incons,8,102,110
20,0,13.8775,1,incons,0.2,0.2273,0.47,0.1045,3,49,37.3936875
21,0,1,1,1,0.18,0.197,0.64,0.1343,,49,52
22,incons,1,,1,0.14,0.1515,0.69,0.1343,0,20,20
23,0,incons,1,1,0.18,0.2121,0.55,-9.925,1,11,12
0,0,2,1,1,0.16,0.1818,0.55,0.1045,0,5,5
1,0,2,1,-2.5,0.16,0.1818,0.59,0.1045,0,2,2
,0,2,1,1,0.14,0.1515,0.63,0.1343,18.26,1,1
4,0,2,,1,0.14,5.2925,0.63,0.0896,0,2,2
-12.625,0,2,1,1,0.12,0.1515,0.68,0.1045,,4,4
6,0,2,-10.45,1,0.12,,0.74,0.1045,0,36,36
7,,2,1,1,0.12,0.1515,0.74,0.1343,2,92,94
8,18.130475,incons,1,1,,0.1515,0.69,0.1642,2,177,179
9,0,2,1,1,0.16,0.1515,0.64,0.2239,2,98,100
10,0,2,1,2,0.16,0.1364,0.69,0.3284,5,37,incons
11,0,2,1,1,0.22,-3.4875,0.51,0.2985,7,-15.8789375,57
12,0,2,1,incons,0.22,0.2273,0.51,0.1642,12,66,78
13,0,-8.4625,1,1,0.24,0.2273,0.56,0.194,18,79,97
-6.625,0,2,1,1,0.26,0.2576,0.52,0.2239,9,54,63
10.375,0,2,incons,1,0.28,0.2727,0.52,0.2537,17,48,-22.3228125
16,0,2,,1,0.3,-3.4875,0.49,0.2537,15,68,-22.3228125
17,0,2,1,1,0.28,0.2727,0.48,0.2239,10,202,212
18,0,2,1,1,0.26,0.2576,0.48,0.194,,179,182
19,0,2,1,1,0.24,0.2576,0.48,0.1045,2,110,112
20,0,2,1,1,0.24,0.2576,0.48,0.1045,1,53,54
21,0,2,1,1,0.22,,0.64,0,0,48,48
22,0,2,1,1,0.22,0.2576,,0.0896,1,34,35
23,0,2,1,1,0.2,0.2273,0.69,0.0896,2,9,11
0,incons,3,1,1,0.2,0.2576,,0,0,6,6
1,0,3,1,1,0.16,0.197,0.74,0.0896,0,,6
2,0,3,1,1,0.16,0.197,0.74,0.0896,,2,2
4,0,3,1,1,0.24,0.2273,0.48,0.2239,0,2,2
5,0,3,1,1,0.22,0.2273,0.47,0.1642,0,3,3
6,0,-8.4625,1,1,0.2,0.197,0.47,0.2239,incons,33,33
7,0,13.8775,1,1,0.18,0.1818,0.43,0.194,1,87,88
8,0,3,1,1,0.2,0.1818,0.4,0.2985,-11.1,incons,-22.3228125
-6.625,0,3,1,1,0.22,0.197,0.37,0.3284,6,109,115
-12.625,0,3,1,1,3.4328,0.197,0.37,-9.925,4,53,57
20.375,0,3,1,1,0.26,0.2273,0.33,0.3284,12,34,46
12,0,3,1,1,0.26,0.2273,incons,0.3284,5,74,79
13,0,3,1,1,0.28,0.2576,0.3,0.2985,6,65,71
14,0,3,1,incons,0.3,0.2879,0.28,0.194,incons,52,62
15,0,3,1,3.5,0.3,0.2879,0.28,-9.925,7,55,62
16,0,3,-7.45,1,0.3,0.3182,0.28,0.0896,4,85,89
17,0,3,1,1,0.24,0.2273,0.38,0.194,4,186,190
18,0,3,1,1,0.24,0.2424,,0.1343,3,,169
19,0,13.8775,1,1,0.24,0.2576,0.38,0.1045,-11.1,127,37.3936875
,0,3,,1,0.22,incons,0.47,0.1642,7,82,89
21,0,3,1,1,0.2,0.197,0.51,0.194,3,40,43
22,0,3,1,1,0.18,0.197,0.55,0.1343,1,41,42
23,0,3,1,1,0.2,0.2576,0.47,0,1,18,19
0,0,4,1,1,0.18,0.2424,0.55,0,0,11,11
incons,0,4,1,1,3.4328,0.2273,0.64,0,0,4,4
2,0,4,1,1,0.16,0.2273,0.64,0,0,2,2
4,-10.884125,4,1,2,0.16,0.197,0.64,0.0896,incons,1,1
,incons,4,1,2,0.14,0.1818,0.69,0.0896,0,4,incons
6,0,13.8775,1,2,0.14,0.1667,0.63,,0,36,36
,0,4,1,2,0.16,0.2273,0.59,0,0,95,95
8,0,4,1,1,0.16,0.2273,0.59,0,3,216,219
9,0,13.8775,1,2,0.18,0.2424,0.51,0,6,116,122
10,0,,1,1,0.2,0.2576,0.47,0,3,42,45
11,0,13.8775,1,1,0.22,incons,0.44,0.0896,2,57,59
12,0,4,1,1,0.26,0.2879,0.35,0,6,,84
13,0,,1,incons,0.26,,0.35,0.1045,12,55,67
14,,4,1,1,0.28,0.2727,0.36,0.1642,11,59,70
15,0,4,1,1,0.28,-3.4875,0.36,0,8,54,62
16,0,4,1,1,0.26,0.2576,0.38,0.1642,12,74,86
17,0,4,1,1,incons,,0.51,0.1642,9,163,172
18,,4,1,1,0.22,0.2273,0.51,0.1343,5,158,163
19,0,4,1,1,-2.388,0.2576,0.55,0.0896,3,109,112
incons,0,4,-7.45,1,0.2,0.2121,0.51,0.1642,3,66,69
10.375,0,4,1,2,0.22,0.2121,0.55,0.2239,0,48,48
22,0,4,1,2,0.22,0.2121,0.51,0.2836,1,51,52
-6.625,0,4,1,2,0.2,5.2925,0.59,,4,19,23
0,0,5,1,2,0.2,0.197,0.64,0.194,incons,-15.8789375,17
,0,5,1,2,,0.197,0.69,0.2239,-11.1,5,7
2,0,,1,2,0.2,,0.69,0.2239,0,1,1
4,0,5,1,2,0.2,0.2121,0.69,0.1343,0,-15.8789375,1
5,0,5,1,3,0.22,0.2727,0.55,0,0,5,5
6,incons,5,1,2,0.2,0.2576,0.69,0,8,26,34
7,0,5,1,,0.2,0.2121,0.69,0.1343,8,76,84
8,0,5,1,1,0.2,0.197,0.51,0.2537,20,190,210
9,0,5,1,1,0.2,,11.9068,0.2985,incons,125,-22.3228125
10,0,5,1,,0.22,0.197,0.37,0.3284,16,47,-22.3228125
11,0,5,1,2,0.2,0.197,0.4,0.2239,19,48,-22.3228125
incons,,5,1,2,0.2,0.197,0.37,0.2537,9,50,59
13,0,,1,2,0.2,0.1818,0.37,0.2836,9,64,73
14,0,5,1,2,0.2,0.197,0.4,0.2537,7,43,50
15,0,,1,2,3.4328,0.2121,0.37,0.1642,9,63,72
16,0,5,1,2,0.2,0.2121,0.37,0.1642,5,82,87
17,0,5,1,2,0.2,0.2576,0.37,0,9,178,187
18,0,,1,1,0.2,0.2273,0.4,0.0896,7,116,123
19,0,5,1,incons,0.16,0.197,0.55,0.0896,3,92,95
20,0,5,1,1,0.18,0.2121,0.47,0.1045,1,50,51
-12.625,0,5,1,1,0.18,0.197,0.47,0.1343,0,39,39
22,0,5,1,2,0.18,0.197,0.43,0.1642,-11.1,34,36
23,0,5,1,-2.5,3.4328,0.197,-7.178,0.1642,1,14,15
0,0,6,0,2,0.18,0.197,incons,0.1642,1,,-22.3228125
1,0,6,0,2,0.18,0.2121,0.55,,1,15,16
2,incons,6,0,2,0.18,incons,0.55,0,3,13,16
3,0,,0,3,,0.197,0.55,0.1642,0,7,7
4,0,6,0,3,0.18,0.197,0.55,16.355,0,1,1
5,0,13.8775,0,2,0.16,0.1667,0.74,0.1642,incons,5,incons
6,0,,0,2,0.16,0.1667,0.74,-9.925,incons,2,2
7,0,incons,0,2,0.16,0.1818,0.74,incons,1,8,incons
8,0,6,0,3,0.16,0.1818,0.93,16.355,0,15,15
9,0,6,0,3,0.16,0.1818,0.93,0.1045,0,20,20
10,18.130475,6,0,2,0.18,0.197,0.8,,5,56,61
,0,6,0,2,0.2,0.1818,11.9068,0.3881,2,60,62
12,0,6,0,2,0.2,,0.59,0.3582,,90,-22.3228125
,0,-8.4625,0,1,0.2,0.1818,0.44,0.3284,7,95,102
14,0,6,incons,1,0.2,0.1667,0.32,0.4925,12,83,95
15,0,6,0,1,0.2,0.1667,0.32,0.4478,5,26.7273625,74
16,0,6,0,-2.5,0.18,0.1364,0.29,0.4478,8,68,76
17,,6,0,1,,0.1212,0.37,0.5522,5,64,69
18,0,6,-10.45,1,0.14,0.1212,0.39,-9.925,3,52,55
19,0,6,0,1,0.14,0.1212,0.36,0.2537,4,-15.8789375,30
,0,6,0,1,,0.1212,0.36,0.2537,incons,28,28
21,0,6,0,,0.12,0.1061,0.39,0.3582,2,35,37
22,0,6,0,1,incons,0.1061,0.36,,1,33,34
23,0,6,0,,0.1,0.0606,0.39,0.4478,0,22,22
0,0,0,12.07,1,0.1,,0.42,0.3881,1,24,-22.3228125
1,-10.884125,0,0,1,0.1,0.0606,0.42,0.4627,0,12,12
,0,0,0,1,incons,,0.46,0.4627,0,11,11
3,-10.884125,0,,1,,0.0758,0.46,0.4179,0,4,4
4,0,13.8775,0,1,0.08,0.0909,0.53,0.194,0,1,1
5,0,0,0,incons,0.08,0.0909,0.53,0.194,0,1,1
6,,0,0,1,0.1,0.0909,0.49,0.2836,0,1,1
7,0,0,0,1,0.08,0.0909,0.53,0.194,1,5,6
8,,0,0,1,0.1,0.0909,0.49,0.2836,0,10,10
incons,0,0,0,1,0.12,0.0758,0.46,0.5224,0,19,19
10,0,0,0,1,0.14,0.1061,0.43,,0,49,49
11,0,,0,1,0.16,0.1212,0.4,,2,47,49
12,0,0,0,1,0.18,0.1364,,0.4478,,-15.8789375,83
13,0,-8.4625,,,0.2,0.1667,0.34,0.4478,6,69,-22.3228125
14,0,0,0,1,0.22,0.1818,0.32,0.4627,8,64,72
15,0,0,incons,1,0.22,,0.35,0.3582,5,77,82
16,0,0,0,1,0.2,0.1667,0.34,0.4478,,79,92
17,0,0,0,3.5,0.18,0.1515,0.37,0.3881,3,59,62
18,0,0,0,1,0.16,0.1364,-7.178,0.3284,4,44,48
19,0,0,0,incons,0.16,0.1364,0.43,,,40,41
20,0,-8.4625,0,1,0.14,0.1212,0.46,-9.925,0,38,38
21,,0,0,-2.5,3.4328,0.1061,0.46,0.4179,1,19,20
22,0,0,0,,0.14,0.1212,0.46,0.2985,5,10,37.3936875
23,0,0,0,1,0.12,0.1364,0.5,0.194,0,,6
0,0,1,1,1,0.12,0.1212,0.5,0.2836,2,3,5
1,incons,1,1,1,0.12,0.1212,0.5,0.2836,1,0,1
2,0,1,,1,0.12,0.1212,incons,0.2239,0,3,3
3,0,1,1,1,,incons,0.5,0.2239,0,1,1
4,0,1,1,1,0.1,0.1212,0.54,0.1343,1,2,
5,0,13.8775,incons,1,0.1,,0.54,0.2537,0,incons,3
6,0,1,1,-2.5,0.12,-3.4875,0.5,0.2836,0,31,incons
7,0,1,1,1,,,0.5,0.2239,2,75,77
8,0,1,-10.45,2,0.12,,0.5,0.2836,4,incons,188
9,0,1,1,2,0.14,0.1212,0.5,0.2537,2,92,94
10,0,,,2,0.14,0.1212,0.5,0.2985,0,31,31
11,0,1,1,2,0.16,0.1364,0.47,0.2836,2,28,30
12,0,incons,1,2,0.2,0.1818,0.4,incons,5,47,52
10.375,-10.884125,1,1,2,0.2,,0.4,0.2836,incons,50,37.3936875
14,0,1,1,2,0.2,0.197,0.4,0.2239,0,47,47
incons,0,1,,2,,0.197,0.4,0.2239,2,43,45
16,0,1,1,1,0.2,0.2121,0.4,incons,4,70,74
17,0,1,1,3.5,0.2,0.2273,0.4,0.1045,-11.1,174,178
,0,1,1,1,0.2,,0.4,0.2239,1,154,155
19,0,1,1,1,0.16,0.1667,0.47,0.1642,3,92,95
20,0,1,incons,1,incons,0.1667,0.5,0.1642,1,73,74
21,0,1,1,1,0.14,0.1364,0.59,0.194,1,37,38
22,0,1,1,1,0.14,0.1515,0.59,,2,,24
incons,0,1,1,1,0.14,0.1515,0.59,0.1642,0,,18
0,0,2,,1,3.4328,0.1667,0.59,0.1045,2,10,12
1,18.130475,2,1,1,0.14,0.1515,0.59,0.1642,0,3,3
2,0,2,1,2,0.16,0.1515,0.55,,0,3,3
5,0,2,1,2,incons,0.1818,,0.1343,0,6,6
,0,2,1,2,0.16,0.1818,,0.1343,0,26.7273625,27
7,0,2,1,,0.16,0.2273,0.55,0,2,97,
8,0,2,1,2,0.18,0.2121,0.51,0.0896,3,214,217
9,0,2,1,2,0.18,0.197,0.51,0.1642,3,incons,130
10,0,,1,incons,0.2,5.2925,-7.178,0.1642,3,51,54
11,0,2,-10.45,incons,0.2,0.2121,incons,16.355,4,31,35
12,0,,1,2,0.2,0.2273,0.51,0.1045,2,55,57
13,0,2,1,2,0.2,0.2273,0.59,0.0896,-11.1,46,52
14,0,2,1,,0.2,0.2273,,0.0896,3,60,63
15,0,2,1,2,0.16,0.197,0.8,16.355,2,45,47
16,0,2,1,2,0.16,0.1515,,0.2239,4,72,76
,0,2,1,2,0.16,0.1515,0.86,,6,incons,136
18,0,2,1,3,0.16,0.1818,0.93,0.1045,1,94,incons
19,0,2,1,3,0.16,0.2273,0.93,0,0,51,51
20,18.130475,2,1,incons,0.16,0.1515,11.9068,0.194,0,32,32
21,0,2,1,3,,0.197,0.86,0.0896,0,20,20
,0,,1,3,3.4328,0.1818,0.93,0.1045,1,incons,29
23,0,2,1,3,0.16,0.197,0.93,0.0896,1,18,19
incons,18.130475,3,1,2,0.16,0.197,0.86,0.0896,0,7,7
1,incons,3,1,2,0.16,,0.86,0.1045,0,6,6
incons,0,3,1,,0.14,0.1515,0.86,0.1343,0,1,1
5,0,3,1,1,3.4328,0.1515,0.86,0.1642,0,5,5
6,0,3,1,1,-2.388,0.1515,0.93,0.1343,0,16,16
7,0,3,1,1,,0.1515,0.69,0.1343,0,incons,54
8,0,3,1,1,0.16,0.1667,0.59,0.1642,3,125,incons
9,0,3,-10.45,1,0.16,,0.59,0.3284,3,,-22.3228125
incons,incons,3,1,1,3.4328,0.1818,0.55,0.2239,0,39,39
11,0,3,1,1,0.2,0.1818,incons,0.3881,3,32,35
12,0,3,1,1,0.2,0.1515,0.47,0.5821,3,52,55
13,0,3,1,1,0.22,0.197,0.44,0.3582,0,49,49
14,0,incons,1,1,0.2,0.1818,0.47,0.3284,0,44,44
15,0,,1,1,0.2,0.1667,0.47,0.4179,1,48,49
16,0,3,1,1,0.22,,0.44,0.3284,5,63,68
17,incons,3,1,1,0.2,0.1818,0.47,,0,26.7273625,37.3936875
18,0,3,1,1,0.2,5.2925,0.47,0.5224,2,135,137
19,0,3,1,1,0.18,0.1515,0.47,0.4179,,82,83
20,0,3,1,1,0.16,0.1364,0.5,16.355,2,54,56
21,0,3,1,1,0.16,0.1364,0.55,0.3284,0,57,57
22,0,incons,1,1,0.16,0.1212,0.55,0.4478,1,32,33
23,0,3,1,3.5,0.14,0.1061,0.59,,incons,19,20
10.375,incons,,1,1,0.14,0.1212,0.59,,1,6,7
incons,18.130475,4,1,1,0.14,0.1212,0.5,0.2836,0,2,2
,0,4,1,1,0.14,0.1212,incons,0.3582,0,2,2
3,0,4,1,1,0.14,5.2925,0.5,0.3284,0,3,3
4,0,4,1,1,0.14,0.1212,0.5,0.2537,0,4,4
5,0,4,1,1,0.14,0.1212,0.5,0.2985,0,3,3
6,0,4,,1,0.12,0.1515,0.54,16.355,0,incons,28
7,incons,4,1,1,0.12,0.1515,0.54,0.1343,0,72,72
8,0,4,1,1,0.14,0.1364,0.5,incons,5,,202
9,0,4,,1,,0.1212,0.5,0.3284,2,137,139
10,0,4,-10.45,incons,0.16,0.1364,incons,0.3582,2,36,38
11,-10.884125,4,1,2,0.2,0.1667,0.44,0.4478,4,incons,37
12,0,,1,1,incons,0.1667,0.44,0.4179,3,49,52
13,0,-8.4625,1,1,0.22,0.197,0.41,0.4478,18.26,26.7273625,83
14,0,4,1,1,0.22,0.197,0.41,incons,3,39,37.3936875
15,0,4,1,1,,0.2121,0.38,0.2985,5,55,60
16,0,4,1,1,0.24,0.2121,0.38,0.3582,2,76,78
17,0,4,1,1,0.2,0.1818,0.4,0.2836,4,158,162
18,0,4,1,-2.5,0.2,0.1818,0.4,0.3284,3,141,37.3936875
10.375,0,4,1,1,0.16,0.1515,0.47,16.355,1,98,99
20,0,4,1,1,0.16,0.1515,0.47,0.2239,0,,64
21,0,4,1,1,0.14,0.1212,0.46,0.2985,0,40,40
22,0,4,,1,0.14,0.1212,0.46,0.3284,0,30,30
23,18.130475,4,1,1,0.12,0.1364,0.5,0.194,1,14,15
0,0,5,,1,0.12,incons,0.5,0.194,0,14,14
1,0,5,1,1,0.1,0.1212,0.54,0.1642,0,,5
2,0,5,1,1,0.1,0.1212,0.54,0.1343,0,incons,1
3,0,5,1,1,0.1,0.1364,0.54,0.1045,0,1,1
,0,5,1,1,0.1,0.1364,0.54,,incons,8,8
6,0,5,1,-2.5,0.1,0.1818,0.54,,0,17,-22.3228125
7,0,5,1,1,0.1,0.1212,0.74,0.1642,0,70,70
,0,5,,1,0.12,0.1667,,16.355,2,156,158
9,0,5,12.07,1,incons,0.1515,0.69,0.1343,0,117,117
10,0,5,1,1,0.18,0.1818,0.55,0.194,4,40,44
11,0,5,1,1,0.18,0.1667,0.51,0.2836,6,47,37.3936875
12,0,5,1,3.5,0.2,0.197,0.44,0.2537,2,59,61
incons,0,5,1,1,0.22,0.197,0.37,0.3881,4,73,77
14,0,5,1,1,0.22,-3.4875,-7.178,0.2836,5,,64
15,0,5,1,1,incons,0.2424,0.38,0.1642,9,59,68
16,0,5,1,1,0.22,0.2424,0.41,16.355,3,87,37.3936875
17,0,5,1,1,0.22,0.2273,0.41,0.1642,incons,155,159
18,0,5,1,1,0.2,0.2576,incons,0,incons,134,139
,0,5,1,1,0.16,0.197,0.59,0.0896,3,89,92
20,0,-8.4625,1,1,0.18,0.2424,0.59,0,0,68,68
incons,0,,1,1,incons,0.2273,0.69,0,4,48,
22,0,5,1,2,0.16,,0.69,0,2,34,36
23,0,5,-7.45,2,0.18,,0.55,0,1,26,27
10.375,0,6,0,1,0.18,0.2424,0.55,0,3,25,28
1,0,6,0,2,incons,0.197,0.59,0.0896,2,18,20
2,0,6,0,2,0.16,0.197,0.59,-9.925,0,12,12
incons,0,6,0,2,0.16,0.2273,0.59,0,incons,7,8
4,0,6,incons,2,0.16,0.2273,0.59,0,0,-15.8789375,5
5,0,6,0,1,incons,0.2273,0.59,,0,1,1
6,0,6,0,1,0.14,0.1667,0.63,0.1045,incons,2,3
7,0,6,0,,0.14,-3.4875,0.63,0,-11.1,9,10
8,0,6,0,1,3.4328,0.1515,0.63,0.1343,1,,-22.3228125
9,0,6,0,1,,0.1818,0.64,0.1343,2,31,33
10,0,6,0,incons,0.18,-3.4875,0.59,0.1642,2,57,59
11,0,6,0,1,0.2,0.197,0.55,0.2239,18,54,72
12,0,6,0,1,0.24,-3.4875,0.48,0.2239,15,74,89
13,0,6,-10.45,1,0.28,0.2576,0.38,0.2985,21,80,101
14,0,-8.4625,0,1,0.3,0.2879,0.39,0.2836,,92,118
15,0,incons,,2,0.32,0.3182,0.36,0.194,21,108,129
16,0,6,0,2,0.34,0.3333,0.34,0.194,33,95,
17,0,6,0,2,3.4328,0.303,0.36,,29,54,83
18,0,6,0,2,0.3,0.2879,0.45,0.2537,15,69,84
19,0,6,0,2,0.32,0.303,0.39,0.2537,14,60,74
,0,6,0,2,0.32,0.303,0.39,0.2537,6,35,41
21,-10.884125,6,0,2,0.32,0.303,,0.2239,6,51,57
22,0,6,0,2,0.3,incons,0.42,0.1045,-11.1,26,26
23,0,6,0,1,0.3,0.2879,0.45,0.2836,5,39,44
0,,0,,1,0.26,0.303,0.56,0,6,33,39
1,0,0,0,1,0.26,0.2727,0.56,0.1343,4,19,23
2,0,0,0,1,0.26,0.2879,-7.178,,3,13,16
3,0,0,0,1,0.22,0.2727,-7.178,0,9,6,15
4,0,0,0,1,0.26,0.2576,incons,0.1642,0,incons,1
5,0,0,0,2,0.26,0.2576,0.56,0.1642,1,1,2
6,0,0,incons,-2.5,0.26,0.2576,0.56,0.1642,0,1,1
,0,-8.4625,0,,0.24,0.2121,0.56,0.2985,0,3,3
8,0,0,0,1,0.22,0.2121,0.55,0.2836,0,18,18
9,0,0,0,1,0.22,0.2121,0.51,0.2537,3,29,incons
10,0,incons,0,1,0.22,0.2121,0.51,incons,8,71,79
,0,0,incons,1,0.24,0.2273,0.44,0.2537,23,70,93
12,incons,incons,0,1,0.24,0.2121,0.41,0.2836,29,75,104
13,0,0,,1,0.26,0.2273,0.35,0.2985,23,95,118
14,0,0,0,1,incons,0.2727,0.36,0.2537,22,,91
,0,,0,1,,0.2424,0.38,0.2537,35,78,113
,0,0,0,1,incons,-3.4875,-7.178,0.2239,,incons,99
17,0,0,0,1,incons,0.2121,0.37,0.2537,23,26.7273625,105
18,0,0,0,1,0.2,0.2121,0.4,0.1642,11,56,67
incons,0,0,0,1,0.18,0.197,0.47,0.1343,14,47,61
20,0,0,-10.45,1,0.18,0.197,0.47,0.1642,7,50,57
,0,0,-10.45,1,0.18,0.197,incons,0.1642,6,incons,28
22,incons,0,,2,0.2,0.2121,0.49,0.1343,2,,21
23,0,0,,2,0.2,0.2273,0.4,0.1045,0,18,18
0,1,1,0,2,0.2,0.197,0.47,0.2239,1,16,17
1,1,1,0,2,0.2,0.197,0.44,0.194,1,15,16
2,,,-10.45,2,0.18,0.1667,0.43,0.2537,0,8,8
10.375,1,1,0,2,0.18,0.1818,0.43,0.194,0,2,2
4,1,1,0,2,0.18,0.197,0.43,0.1343,1,2,3
5,1,1,0,2,0.18,-3.4875,0.43,0.1642,0,1,incons
6,1,1,0,2,0.18,,0.43,0.194,0,,5
-12.625,1,13.8775,0,-2.5,0.16,0.1818,0.5,0.1343,18.26,9,13
8,1,1,0,2,3.4328,0.1515,11.9068,0.2239,3,30,33
9,1,1,0,2,0.16,incons,-7.178,-9.925,8,-15.8789375,47
10,1,1,17.07,2,0.16,0.1515,0.5,0.2537,7,50,57
11,1,1,0,2,0.16,-3.4875,0.55,0.194,9,55,64
12,1,1,0,2,0.18,0.197,0.47,0.1343,10,70,80
13,1,1,0,2,0.18,0.197,0.47,0.1343,13,-15.8789375,93
14,18.130475,1,0,2,0.18,0.2121,0.43,0.1045,incons,74,86
15,18.130475,1,0,2,0.2,0.2121,0.47,incons,18.26,72,93
16,1,1,0,2,0.2,0.2121,,0.1642,6,76,82
10.375,1,1,0,1,0.2,0.197,0.51,0.194,4,67,
,1,1,0,2,0.18,0.1667,0.55,0.2537,7,85,92
19,1,1,0,3,0.18,0.1818,0.59,0.194,2,26.7273625,60
20,1,1,0,3,0.16,incons,0.8,0.194,4,29,33
21,1,1,incons,3,0.16,0.1515,0.8,0.194,,24,27
22,1,1,0,3,0.14,0.1212,0.93,0.2537,,13,13
23,1,1,0,3,0.16,0.1364,-7.178,-9.925,1,3,4
12,0,2,1,2,0.2,0.1818,0.86,0.3284,0,3,3
13,0,incons,1,2,0.2,0.197,0.86,0.2239,0,22,22
14,0,2,1,2,0.22,0.2273,0.8,0.1642,2,26,-22.3228125
15,0,2,1,2,0.22,0.2273,0.87,0.1642,3,32,35
16,,2,17.07,2,0.22,0.2273,0.87,0.194,0,61,61
17,0,2,1,2,0.22,0.2273,0.82,0.194,1,124,125
18,0,2,1,2,0.22,0.2273,0.8,0.1642,1,132,
19,0,2,1,2,0.22,0.2273,0.8,0.1343,1,98,99
20,0,2,1,,0.22,0.2727,0.87,incons,0,83,83
21,,2,1,2,0.22,0.2424,0.93,0.1045,18.26,41,41
22,0,2,1,2,0.22,0.2576,0.93,0.0896,0,33,33
23,0,2,1,2,0.22,0.2727,0.93,0,1,19,20
incons,0,3,1,2,0.22,0.2727,0.93,0,,3,
incons,0,3,1,3,-2.388,0.2273,0.93,0.1343,1,6,7
2,0,3,1,3,0.22,incons,,0.1343,-11.1,3,3
4,0,-8.4625,1,incons,0.22,0.2273,0.93,0.1343,1,26.7273625,2
5,0,3,1,2,3.4328,0.2576,,0.0896,0,7,7
,0,3,1,2,incons,0.2576,,0.0896,0,32,32
7,0,3,1,2,0.24,0.2576,0.92,0.1045,1,89,90
8,0,3,1,2,3.4328,0.2576,0.93,0.1045,1,196,197
9,0,3,1,2,0.24,0.2576,0.93,0.1045,2,,109
10,0,3,1,2,,0.2727,0.93,0.1343,1,46,47
11,0,,1,2,0.28,0.303,0.87,0.0896,,47,52
12,0,13.8775,1,2,0.3,0.3182,0.81,0.0896,5,65,incons
13,0,3,,1,,0.4091,0.62,0.2836,,67,78
14,0,3,1,1,0.4,0.4091,0.58,0.2537,7,68,75
15,0,3,,1,0.4,0.4091,0.54,0.2836,4,78,82
16,0,3,1,1,0.38,0.3939,0.58,0.3881,10,94,104
17,0,3,1,1,0.36,0.3333,0.57,0.3284,7,190,
18,0,,1,,0.34,0.3182,0.61,0.2836,5,156,161
19,0,3,1,1,0.32,0.2879,0.57,0.4179,4,108,112
20,0,incons,1,-2.5,0.32,0.303,0.49,0.2985,2,74,76
,0,3,1,1,0.32,0.2879,,0.4179,4,55,59
22,0,3,1,1,0.3,5.2925,0.52,,6,53,59
23,0,3,1,1,0.3,0.2727,0.52,0.4627,1,27,28
0,incons,4,1,1,0.26,0.2273,0.56,0.3881,,8,13
1,0,,1,1,0.26,0.2727,0.56,0,2,3,5
2,0,4,1,1,,,0.56,0,0,2,2
3,0,incons,1,1,0.26,0.2576,0.56,,0,1,1
4,,4,-10.45,1,,0.2576,0.56,0.1642,incons,1,1
5,0,4,1,1,0.24,0.2273,0.6,-9.925,0,6,6
6,0,4,1,,0.22,0.2121,0.6,0.2239,0,35,35
20.375,0,,1,1,0.22,0.2121,0.55,0.2239,1,100,101
8,0,4,1,1,0.22,0.2121,0.55,0.2836,2,247,249
9,0,4,1,2,0.24,0.2273,0.52,-9.925,3,140,143
,0,4,1,1,0.26,0.2273,0.48,0.2985,incons,56,57
11,0,4,1,2,0.28,0.2727,0.45,0.1642,5,-15.8789375,68
12,0,4,1,2,0.3,0.3333,0.42,0,7,77,84
,0,4,,2,0.28,0.2879,0.45,0.1045,12,86,98
14,0,4,17.07,2,,0.303,0.45,0.1343,6,75,81
15,0,4,1,2,0.32,0.3182,0.45,0.194,8,62,70
16,0,4,1,2,0.3,0.303,0.49,0.1343,8,83,91
17,0,incons,1,2,0.3,0.3182,0.49,,8,207,215
18,0,4,1,2,0.26,0.2576,0.56,0.194,1,184,185
19,0,4,17.07,,0.26,5.2925,0.56,0.3284,6,146,152
20,0,4,1,3.5,0.26,-3.4875,0.6,0.2836,2,,126
incons,0,4,1,2,,0.2273,0.6,0.2537,3,54,57
22,0,4,,2,3.4328,0.2121,0.65,0.2836,0,56,56
incons,0,4,1,2,0.24,0.2121,0.65,0.3284,,incons,31
0,0,5,1,2,0.24,-3.4875,0.7,0.2537,1,20,21
1,0,5,1,2,0.24,0.2273,0.7,0.2537,0,6,6
2,0,5,1,3,0.24,0.2424,0.75,0.1642,18.26,2,2
3,0,5,1,3,-2.388,0.2121,,0.2985,0,1,1
10.375,0,5,1,2,0.22,0.2576,0.87,0.0896,0,1,1
5,0,5,incons,1,0.24,0.197,0.6,0.4179,incons,4,5
6,0,5,1,1,0.22,0.2121,0.55,0.2537,incons,27,27
7,0,5,1,1,0.2,5.2925,0.51,0.2836,2,66,
8,,5,1,1,0.2,0.1818,-7.178,0.3284,7,210,217
9,0,5,1,1,0.2,0.1818,-7.178,0.3582,7,159,166
10,0,5,1,1,0.2,0.1667,0.47,0.4627,6,57,63
11,,5,1,1,0.22,0.1818,-4.178,0.4627,6,53,59
12,0,5,1,1,0.22,0.1818,0.27,,11,67,78
13,0,-8.4625,1,1,0.2,0.1515,11.9068,-9.925,8,65,
14,0,5,1,1,0.2,0.1515,0.25,incons,6,56,-22.3228125
15,18.130475,5,1,1,0.16,0.1212,0.26,0.4478,4,61,65
16,0,5,17.07,1,incons,0.1364,0.26,0.3582,0,97,-22.3228125
17,0,5,1,1,0.14,0.1212,,0.3582,10,151,incons
18,0,5,1,1,0.12,0.1212,0.3,0.2537,1,119,120
19,0,5,-7.45,1,0.12,5.2925,0.3,incons,3,93,incons
10.375,0,5,1,1,,0.0758,0.33,16.355,1,52,53
21,0,incons,1,1,0.08,0.0758,0.38,0.2836,0,41,41
22,0,5,1,1,0.06,0.0303,0.41,0.3881,1,33,34
23,0,5,1,1,0.06,0.0455,0.38,incons,,27,27
0,0,6,0,1,0.04,0.0303,0.45,0.2537,0,13,13
incons,,6,12.07,2,3.4328,0,0.41,0.3881,3,26.7273625,incons
2,0,6,0,-2.5,0.04,,0.41,0.2537,0,11,11
3,0,6,0,,0.04,0.0303,0.41,0.2836,1,-15.8789375,7
20.375,0,6,0,2,0.02,0.0152,0.48,0.2985,0,3,3
-12.625,0,6,0,2,0.02,0.0303,0.44,0.2239,0,2,incons
7,0,6,0,1,0.02,0.0152,0.44,0.2836,0,8,8
8,0,6,incons,1,incons,0,0.44,0.3284,1,26,27
9,0,incons,0,1,0.04,0.0303,0.41,0.2537,3,37,37.3936875
10,0,6,0,2,0.04,0.0606,0.41,0.1642,3,50,53
11,0,6,0,2,0.06,0.0758,,0.1343,4,59,63
12,0,6,0,incons,0.06,0.1061,0.38,0.1045,10,60,70
,-10.884125,6,0,1,0.08,0.1667,0.35,0,12,72,incons
14,0,6,0,1,,0.1364,0.33,0.1045,11,64,75
15,-10.884125,6,0,1,0.12,0.1515,0.28,0,-11.1,93,103
16,0,6,0,1,0.12,0.1364,0.28,0.194,11,72,83
17,0,,0,1,0.12,0.197,0.28,0,8,59,67
18,0,6,0,1,0.08,0.0909,0.35,0.194,0,54,54
19,0,6,0,1,0.08,0.1061,0.35,0.1343,6,53,59
20,0,6,0,,0.06,0.0758,11.9068,0.1642,1,44,45
21,0,6,0,1,0.06,0.1061,-7.178,0.0896,0,39,39
22,0,-8.4625,0,1,0.06,0.1515,incons,0,7,23,
23,0,6,0,1,incons,0.0758,0.57,0.1045,18.26,31,33
0,,0,0,1,,0.0758,0.57,0.1045,2,20,22
1,0,0,0,1,incons,0.0758,0.57,0.1045,1,12,13
2,,0,0,1,0.02,0.0606,incons,0.1343,3,15,18
3,0,0,0,1,0.02,0.0606,0.62,0.1343,1,4,5
5,0,0,0,2,0.04,-3.4875,0.57,0.1045,0,3,3
6,0,0,0,2,0.04,0.0758,0.57,0.1045,18.26,1,1
7,0,0,0,1,0.08,0.1061,0.58,0.1642,1,1,2
8,incons,0,0,1,3.4328,0.0758,0.62,0.1642,incons,17,19
9,0,0,,1,0.1,0.0758,0.54,0.3582,3,25,28
10,0,0,,1,0.14,0.1061,11.9068,0.3881,7,51,58
11,0,0,0,3.5,,0.1364,0.43,0.2239,22,77,99
12,0,0,0,1,0.16,0.1212,0.37,0.4627,24,92,116
13,,0,0,1,0.14,0.1061,0.33,,18.26,75,87
14,18.130475,0,0,1,0.16,0.1364,0.28,0.3582,17,93,110
15,0,0,0,3.5,0.16,0.1364,0.28,0.3582,13,64,
,incons,0,17.07,1,0.16,0.1364,0.26,0.3284,incons,56,-22.3228125
17,0,0,incons,1,0.14,0.1061,0.26,0.3881,incons,50,55
18,0,0,incons,1,0.12,0.1212,-7.178,0.2537,5,44,incons
19,0,0,0,1,0.12,0.1212,0.3,0.2836,5,45,50
20,0,0,incons,1,0.1,0.1061,0.36,0.2537,4,31,35
21,0,0,0,1,0.1,0.1061,0.36,0.194,5,20,25
22,0,0,0,1,,0.0909,0.38,0.194,5,23,28
23,0,,0,1,0.06,0.0606,0.41,0.2239,4,17,21
0,0,13.8775,1,1,0.06,0.0606,0.41,0.194,0,7,7
1,0,1,1,3.5,incons,0.0455,,0.194,0,1,1
3,0,1,1,1,,0.0303,,0.2537,0,1,1
4,0,1,1,1,0.02,0.0606,0.48,0.1343,0,1,1
5,0,1,1,1,0.02,0.0606,0.48,-9.925,0,5,5
6,0,1,1,1,0.02,0.0758,-7.178,,incons,15,15
7,0,,1,1,0.02,incons,0.48,-9.925,5,79,84
10.375,0,1,1,1,incons,0.1364,0.49,,6,171,177
9,0,1,,1,0.06,0.1515,0.41,0,4,98,102
,0,1,1,,0.1,0.1364,0.42,0,6,34,40
11,0,1,1,1,incons,,0.46,0.1343,3,43,
12,0,1,1,2,0.12,0.1364,0.42,0.194,11,52,63
13,0,1,1,2,0.14,0.1364,0.43,0.2239,6,,60
14,0,1,1,2,0.14,0.1364,0.46,0.2239,2,43,45
15,0,1,1,1,0.16,0.1667,0.4,0.1642,-11.1,50,57
16,0,1,1,1,0.16,,0.47,0.2537,4,66,70
17,0,1,1,1,0.14,0.1212,0.5,16.355,6,178,
18,0,1,1,1,0.14,0.1364,0.59,0.194,8,145,153
incons,0,1,1,1,0.14,0.1515,0.54,,-11.1,101,106
20,0,1,1,1,0.14,0.1364,0.59,0.194,1,80,81
21,0,1,1,1,0.14,0.1515,0.63,0.1642,6,-15.8789375,59
20.375,0,1,1,2,0.14,0.1364,0.63,16.355,3,32,35
23,0,1,1,2,0.16,,0.64,0.2537,3,21,24
0,0,2,1,2,0.16,-3.4875,0.69,0.2836,3,6,9
-6.625,0,2,1,2,0.16,incons,0.69,0.1642,0,5,5
2,0,2,1,1,0.16,0.1515,0.69,0.2239,0,2,2
4,0,13.8775,1,1,-2.388,0.1667,incons,0.1045,0,1,1
5,0,2,1,1,0.14,0.1364,0.74,0.2239,0,-15.8789375,9
6,0,2,1,incons,0.16,0.1818,0.74,16.355,1,-15.8789375,36
,0,2,1,1,0.16,0.1515,0.74,incons,5,103,108
8,0,2,1,2,0.16,0.1818,0.74,0.1343,5,233,238
9,incons,2,1,2,0.2,0.2273,0.64,0.0896,10,134,144
10,0,incons,1,2,0.22,0.2424,0.6,0.1045,6,49,55
11,0,2,1,2,0.24,0.2424,0.6,0.1343,6,55,61
12,0,2,1,2,0.26,0.2879,,0.0896,21,85,106
13,,2,1,2,0.26,incons,0.56,0.1343,21,72,93
14,0,2,1,2,0.3,0.3333,0.45,0,11,incons,incons
15,0,-8.4625,1,2,0.32,0.3485,0.42,0,21,,84
16,0,2,1,2,0.32,0.3485,0.42,0,14,102,116
incons,0,2,1,1,0.3,0.3333,-7.178,0,14,208,222
18,0,2,1,2,incons,0.3182,0.49,0.0896,7,218,225
19,0,2,1,2,,0.2576,0.65,0.1642,13,133,146
20,-10.884125,2,1,-2.5,0.24,0.2273,0.65,-9.925,16,103,119
21,0,2,,1,0.24,0.2273,0.65,0.194,,40,45
22,0,-8.4625,1,1,0.22,0.2273,0.64,0.1642,4,49,53
10.375,0,2,1,2,0.22,0.2273,0.64,0.1642,3,37,40
0,0,-8.4625,1,2,3.4328,0.2273,0.69,-9.925,3,14,17
1,0,3,1,2,0.24,0.2424,0.65,0.1343,0,5,5
,0,3,1,3,incons,0.2273,0.69,0.194,3,7,10
5,0,3,1,3,0.2,0.1818,0.86,0.2836,incons,1,1
6,0,3,1,incons,0.2,0.1818,0.86,0.2836,0,8,8
-6.625,0,3,1,3,0.22,incons,0.87,,,29,30
8,0,3,1,3,0.22,0.2121,0.87,0.2985,3,69,72
9,0,3,-7.45,3,0.22,0.2121,0.87,0.2985,3,55,58
10,0,3,1,3,0.22,0.2121,-7.178,-9.925,2,26,28
11,0,3,1,3,0.22,,0.93,0.3284,6,35,41
12,0,3,-7.45,3,0.22,0.197,0.93,,7,,48
13,0,3,1,3,0.22,0.197,0.93,,4,,47
14,0,3,1,3.5,0.22,0.197,0.93,0.3582,0,36,-22.3228125
-12.625,0,3,1,3,0.22,0.1818,0.93,0.4627,1,42,-22.3228125
,0,incons,1,4,0.22,0.197,0.93,0.3284,1,35,36
,,3,1,3,0.2,0.1818,0.93,0.3582,,26,26
16,0,4,12.07,1,0.22,0.2273,0.55,,1,23,24
17,0,4,,1,0.22,0.2424,0.55,0.1045,2,82,84
18,0,incons,1,1,0.2,0.2273,0.69,0.0896,,101,104
19,0,4,1,1,,0.2273,0.69,,3,76,79
20,0,4,1,-2.5,0.18,5.2925,0.74,0.0896,4,55,59
21,0,4,,1,0.18,0.2121,0.74,0.0896,2,36,38
22,0,4,1,1,0.18,0.2121,0.74,0.0896,0,27,27
incons,0,4,1,1,incons,0.197,,0.1642,,16,16
0,0,,1,2,0.2,0.2121,0.75,0.1343,0,9,9
1,,,1,2,0.2,0.2121,incons,0.1343,1,2,3
2,0,5,1,2,0.2,0.2121,0.75,0.1642,0,2,2
3,0,5,1,2,0.2,0.2273,0.75,0.1045,1,0,1
5,0,5,1,2,0.18,0.2121,0.8,0.1045,0,4,4
6,0,5,1,incons,0.18,0.197,0.8,0.1343,0,16,16
7,0,5,1,2,,0.197,0.86,0.0896,2,58,37.3936875
-12.625,0,5,1,2,0.16,0.197,0.86,0.0896,2,155,157
9,0,5,1,3,0.18,0.2121,0.86,0.0896,6,95,101
10,0,5,1,3,0.18,0.2121,0.86,0.1045,0,49,49
11,0,5,1,3,0.18,5.2925,11.9068,0.1045,0,30,30
12,0,5,1,3,0.18,-3.4875,0.93,0.1045,,28,29
,0,5,1,3,0.18,0.2121,0.93,0.1045,0,31,31
14,incons,5,1,3,0.22,0.2727,0.8,0,2,36,38
15,0,5,1,2,,0.2576,0.86,0,1,40,41
16,18.130475,5,1,1,0.22,0.2727,0.8,16.355,10,70,80
20.375,0,5,1,,incons,0.2424,0.75,0.1343,,,149
18,0,,1,1,0.24,0.2273,incons,0.194,2,107,109
19,0,5,1,2,0.24,0.2424,0.75,0.1343,-11.1,84,89
20,0,5,1,2,0.24,0.2273,0.7,0.194,1,61,62
21,0,5,1,2,0.22,0.2273,0.75,0.1343,1,57,58
22,-10.884125,incons,1,1,0.24,0.2121,incons,0.3582,0,26,26
23,0,,1,1,0.24,0.2273,0.6,0.2239,1,22,23
0,incons,6,0,1,0.22,0.197,0.64,0.3582,-11.1,26,28
1,0,6,0,1,0.22,,0.64,0.194,0,20,37.3936875
2,0,6,0,1,0.22,,incons,-9.925,0,-15.8789375,15
3,0,6,0,1,0.2,0.2121,0.64,0.1343,3,incons,8
20.375,0,incons,0,1,0.16,0.1818,0.69,0.1045,-11.1,2,3
,0,6,0,1,0.16,0.1818,0.64,0.1343,0,2,2
7,0,6,0,1,0.16,0.1818,0.59,,1,4,5
-12.625,0,6,0,1,0.18,0.197,0.55,0.1642,3,31,34
9,0,6,0,1,0.18,0.2121,0.59,0.0896,0,34,34
10,0,,0,2,0.18,0.2121,0.64,0.1045,incons,51,55
11,0,6,0,incons,0.18,0.197,,,4,-15.8789375,
12,0,6,0,2,3.4328,0.197,0.59,0.194,12,66,78
13,0,6,0,2,0.22,0.2273,0.55,0.1642,9,56,65
14,0,6,0,incons,0.22,0.2273,0.6,0.1343,10,89,99
15,0,6,0,1,0.22,0.2121,0.69,0.2537,22,98,120
16,0,incons,0,1,0.24,0.2424,0.6,0.1642,19,88,107
17,0,6,0,3.5,0.24,0.2879,0.6,-9.925,9,82,91
18,0,6,0,1,,,0.69,0.1343,18.26,59,68
19,0,6,0,2,0.22,0.2121,0.69,0.2537,,52,58
20,0,6,0,1,,0.2121,0.74,0.0896,1,42,43
21,0,6,0,1,0.18,0.2121,0.74,0.0896,1,35,36
22,0,6,,3.5,0.16,0.197,0.8,0.0896,-11.1,28,32
23,0,6,0,1,0.16,0.197,0.8,-9.925,incons,30,33
0,0,0,-10.45,1,0.16,0.1818,0.8,0.1045,0,33,33
1,18.130475,0,0,1,3.4328,,0.8,0,7,22,29
2,0,0,,1,0.16,0.2273,0.8,incons,1,10,11
3,0,0,0,1,0.14,0.2121,0.93,0,incons,7,8
4,0,0,0,1,0.14,0.2121,0.93,0,0,1,1
5,0,0,0,1,0.14,5.2925,0.86,0,0,-15.8789375,3
7,0,0,-7.45,1,0.14,0.2121,0.86,0,0,3,3
8,0,0,0,2,0.14,0.2121,0.86,0,1,11,12
9,0,0,0,2,,0.2273,0.8,,4,34,38
10,0,0,0,2,0.18,0.2424,0.8,0,7,57,64
11,0,0,incons,1,incons,0.2727,-7.178,0,18.26,50,59
12,0,0,0,incons,0.3,0.3182,0.52,0.1045,10,87,97
13,,0,0,1,0.28,0.2879,0.61,0.1045,13,71,84
14,0,0,0,1,0.28,0.303,0.61,-9.925,,104,122
15,0,0,0,-2.5,0.3,0.3333,-7.178,0,14,95,37.3936875
16,0,0,0,1,0.3,0.3333,0.56,0,19,104,
17,,0,0,1,0.3,-3.4875,11.9068,0.194,6,71,77
18,0,0,0,1,0.26,5.2925,0.65,,8,57,65
19,0,0,0,1,3.4328,0.2576,0.65,-9.925,9,46,55
20,0,0,0,,0.26,0.2727,0.65,0.1045,3,30,33
21,0,0,0,2,0.24,incons,,incons,3,25,28
22,0,0,0,2,0.24,5.2925,0.7,0.194,2,19,
23,0,0,0,2,0.24,0.2121,0.65,0.2836,5,16,21
0,0,1,1,2,0.24,,0.65,0.2239,1,6,7
1,,1,incons,1,0.22,0.2121,0.64,0.2537,2,5,7
-6.625,0,1,1,1,0.22,incons,0.64,0.194,0,1,37.3936875
3,0,1,1,1,0.22,0.2273,0.64,0.194,0,2,-22.3228125
4,0,1,1,1,,incons,0.59,0.2239,0,2,2
5,0,1,1,1,0.18,0.1667,0.64,0.2836,-11.1,8,8
6,0,1,1,1,0.16,0.1364,0.69,0.3284,0,37,37
7,0,-8.4625,,2,0.16,-3.4875,0.64,0.2836,1,71,72
8,0,1,1,2,0.16,0.1364,0.59,0.2836,3,182,185
9,0,1,1,2,0.16,0.1364,0.59,0.2985,0,112,112
10,0,1,1,2,0.16,0.1515,0.59,0.194,1,68,69
incons,0,1,1,2,0.16,0.1515,0.59,0.194,2,46,48
12,0,1,incons,2,,0.2121,incons,0.1045,6,62,68
13,0,1,,2,0.16,0.2273,0.59,0,2,-15.8789375,
14,0,1,1,2,0.18,0.197,0.55,0.1343,1,85,86
15,0,1,1,2,0.16,0.1818,,0.1343,3,,44
16,0,1,incons,3.5,0.16,0.1818,0.56,0.194,3,83,-22.3228125
17,0,1,1,2,0.16,0.1515,0.59,0.194,6,155,37.3936875
18,0,incons,1,2,3.4328,0.1515,0.55,0.2239,3,153,156
19,0,1,1,1,0.3,0.3182,0.61,0.1045,,,111
20,0,1,1,-2.5,0.16,0.1667,0.59,0.1642,0,78,78
21,0,1,1,3,3.4328,0.197,0.59,0.0896,3,53,56
22,-10.884125,1,1,2,0.16,0.1818,-7.178,0.1045,0,34,37.3936875
23,0,1,1,2,0.16,,0.64,0.0896,2,15,17
0,incons,2,1,2,0.16,0.1818,0.64,0.1045,2,,8
1,0,2,1,2,0.16,-3.4875,0.69,0.1045,0,3,-22.3228125
2,0,2,1,2,-2.388,0.2273,0.69,0,0,2,2
3,0,2,1,,3.4328,0.2273,0.69,0,-11.1,2,
5,0,2,17.07,3,0.14,0.2121,0.93,0,0,3,-22.3228125
6,0,2,1,3,0.14,0.2121,11.9068,incons,0,22,22
7,0,2,1,3,0.16,0.2273,0.93,0,0,52,52
8,18.130475,2,1,3,-2.388,0.2273,0.93,0,3,132,135
incons,0,-8.4625,1,2,0.16,0.2273,0.93,incons,2,114,116
10,0,2,1,2,0.16,0.2273,0.93,0,0,47,47
11,0,2,1,2,0.18,0.2424,0.86,0,2,49,51
12,0,2,1,2,0.2,0.2576,0.86,0,2,-15.8789375,55
13,18.130475,2,1,2,0.2,0.2576,0.86,0,3,,52
10.375,0,incons,1,2,0.22,0.2576,0.8,0.0896,5,,incons
15,0,2,1,2,0.24,-3.4875,0.75,0,7,45,52
16,0,13.8775,1,2,0.24,0.2424,0.75,0.1343,3,61,64
17,0,2,1,2,incons,0.2879,0.75,0,4,172,
18,0,2,1,2,0.24,0.2576,0.81,0.1045,,165,168
19,0,2,1,2,0.24,0.2424,0.81,0.1343,3,105,108
20,0,2,1,2,-2.388,incons,0.87,0.1343,5,69,74
21,,2,1,2,0.22,0.2273,0.87,0.1343,,64,-22.3228125
22,0,2,1,2,,0.2576,0.87,0.0896,2,34,36
23,0,2,1,3,0.2,0.197,0.93,0.194,1,15,16
0,0,3,1,3,0.22,0.2424,0.93,0.1045,0,2,2
1,0,3,1,,0.22,0.2273,0.93,0.194,0,3,3
2,0,3,1,3,0.22,0.2273,0.93,-9.925,4,0,4
10.375,incons,3,1,3,0.22,0.2273,0.93,0.1343,0,1,1
incons,0,3,1,-2.5,0.22,0.2121,0.93,0.2836,-11.1,1,1
5,0,3,1,3,0.22,0.2424,0.93,0.1045,0,3,3
6,0,3,1,3,0.22,0.2424,0.93,0.1045,1,17,18
7,0,3,1,3,0.22,5.2925,0.93,0.2239,1,48,37.3936875
8,-10.884125,3,1,3,incons,0.2121,0.93,16.355,1,154,155
incons,0,3,1,2,0.24,0.2576,0.93,0.0896,4,119,123
10,0,3,1,2,0.22,0.2727,incons,0,2,59,61
11,0,3,1,,0.24,5.2925,0.93,0.194,incons,47,52
12,0,3,1,2,0.24,0.2273,0.93,0.2239,18.26,61,64
13,0,-8.4625,1,1,0.34,0.3333,0.93,0.1642,1,74,75
14,0,,17.07,1,0.38,0.3939,0.82,0.3881,18.26,61,37.3936875
15,0,3,1,1,0.38,0.3939,0.76,16.355,10,66,76
16,0,3,1,1,0.36,0.3333,0.71,0.2985,8,95,103
17,0,3,1,1,0.36,0.3182,0.53,0.5224,7,26.7273625,190
18,0,3,,1,0.34,0.2879,0.42,0.5522,7,175,182
19,,3,1,1,0.28,0.2424,0.45,0.4925,3,88,91
20,0,3,,1,0.24,0.197,0.48,0.5522,4,71,75
21,0,3,1,1,0.22,0.197,0.47,0.3284,1,62,63
22,0,3,1,1,0.22,0.2121,0.44,0.2537,5,26.7273625,
23,0,3,1,1,incons,0.1667,0.44,0.4478,3,29,32
0,0,4,1,1,0.2,0.1667,-7.178,0.4478,1,11,12
1,0,-8.4625,1,1,0.2,0.1515,-7.178,0.5224,0,5,5
2,0,4,1,1,0.18,0.1667,0.43,0.2537,0,2,2
3,0,4,1,1,0.18,0.1667,0.43,0.2537,0,1,1
5,0,4,1,1,0.16,0.1364,0.5,0.2985,0,2,2
6,0,4,-10.45,1,0.16,0.1364,0.43,0.3582,0,39,39
7,0,4,1,incons,0.14,0.1212,0.5,0.3284,1,86,87
8,0,13.8775,1,1,0.14,0.1212,0.5,0.3582,4,184,188
9,0,4,-7.45,1,0.16,0.1364,0.47,0.2985,6,127,37.3936875
10,0,4,1,1,0.18,0.1515,0.43,0.3284,2,50,52
11,0,4,1,1,0.18,0.1364,0.43,0.4478,9,55,64
12,0,4,1,1,0.2,0.1818,0.4,0.3582,2,67,69
13,0,4,1,1,0.2,0.1667,0.4,0.4179,,-15.8789375,51
14,0,4,1,1,0.22,0.197,0.37,0.3881,4,43,47
15,,4,1,1,-2.388,0.197,,0.3284,4,56,60
16,-10.884125,4,1,1,0.22,0.2121,0.37,0.2537,5,73,incons
17,0,4,1,1,0.2,0.197,0.4,0.194,5,170,175
18,0,4,1,1,,0.2121,0.4,0.1642,2,145,147
19,0,4,1,1,0.2,0.2576,0.4,0,4,-15.8789375,96
20,0,4,1,,0.2,0.2273,0.47,0.0896,1,,109
10.375,0,4,,1,0.18,0.2121,0.55,0.1045,1,53,54
-12.625,0,4,1,,0.18,0.2121,0.51,0.0896,2,39,41
23,0,-8.4625,1,-2.5,0.2,0.2273,0.47,0.1045,4,,38
0,0,5,1,2,0.2,incons,,0,3,,-22.3228125
1,0,5,1,2,0.16,0.2273,0.59,,0,7,7
2,-10.884125,5,1,2,0.14,0.1667,0.63,0.1045,0,1,1
3,0,5,1,2,0.14,0.1667,0.63,0.1045,0,1,1
5,0,5,1,2,0.14,0.1515,incons,0.1343,0,7,7
6,0,13.8775,1,2,0.16,0.2273,11.9068,0,2,26,28
7,-10.884125,5,1,incons,0.14,0.2121,11.9068,incons,0,87,87
8,-10.884125,incons,1,3.5,0.14,0.1515,0.74,0.1343,3,217,220
9,0,5,1,2,0.16,0.1818,0.8,0.1343,incons,124,127
10,0,5,1,2,incons,0.2121,0.51,0.1343,5,46,51
11,0,5,1,1,0.22,0.2273,0.51,0.1642,3,61,-22.3228125
10.375,0,5,1,2,incons,0.2424,0.48,0.1642,8,78,86
13,0,5,1,2,0.26,0.2576,11.9068,0.2239,9,73,82
14,0,5,1,incons,0.28,0.2727,0.45,0.1642,15,76,incons
10.375,0,5,1,2,3.4328,0.2727,0.48,0.2537,9,81,90
16,0,5,1,incons,0.3,-3.4875,0.42,0.2239,8,91,99
incons,0,5,1,2,0.26,0.2727,0.56,0.1343,10,195,-22.3228125
18,0,13.8775,1,2,0.24,0.2576,0.6,0.1045,3,152,
19,0,5,1,2,-2.388,0.2424,0.65,0.1343,1,102,-22.3228125
-6.625,0,5,1,incons,0.24,0.2424,0.65,0.1642,2,69,
21,0,5,1,2,0.24,0.2424,0.7,0.1642,2,41,43
22,0,-8.4625,1,2,0.24,-3.4875,0.65,-9.925,1,45,46
23,0,5,1,2,0.24,0.2424,0.7,,1,30,31
0,18.130475,6,0,2,0.24,0.2424,0.7,0.1642,3,36,incons
1,incons,6,0,2,0.24,0.2424,0.65,0.1642,1,17,18
2,0,6,0,2,0.24,0.2424,0.75,0.1642,5,12,17
3,0,6,0,2,0.24,0.2424,incons,0.1642,1,10,11
-6.625,0,6,0,3,0.22,0.2273,0.93,0.1343,0,incons,8
5,0,6,0,3,0.2,incons,1,0.0896,0,-15.8789375,9
6,0,6,0,3,3.4328,0.2576,1,-9.925,0,4,4
7,0,6,0,3,0.22,0.2576,0.93,0.0896,0,4,4
8,0,-8.4625,0,3,0.2,0.2273,1,0.0896,0,-15.8789375,10
9,0,6,0,3,0.2,0.2273,1,,3,17,20
10,0,6,0,3,-2.388,0.2121,1,0.1343,3,31,34
11,0,6,0,3,0.22,0.2273,1,0.1343,1,46,incons
12,0,6,0,3,0.22,,1,0.1642,10,42,52
13,-10.884125,6,0,3,0.22,0.2273,1,0.1642,10,62,72
14,0,6,0,3,0.22,,1,0,5,50,55
incons,0,,0,,,0.2727,1,0,11,49,60
16,0,6,0,3,0.22,0.2273,1,0.1343,8,63,
17,0,6,0,2,0.24,0.2121,1,0.2836,14,64,78
18,0,6,0,2,0.28,0.2424,0.93,0.4478,2,81,83
19,0,6,0,2,0.28,0.2424,0.93,16.355,6,78,84
20,0,6,0,1,0.3,0.2879,0.87,0.2537,5,64,69
21,-10.884125,6,0,1,incons,0.2576,1,,3,53,56
22,0,6,0,1,0.26,0.2727,0.93,incons,2,43,45
23,0,6,0,-2.5,0.26,0.2576,0.93,0.2239,7,52,59
0,0,0,17.07,1,0.26,0.2576,0.7,0.194,2,37,39
1,0,0,0,,0.26,0.2273,0.65,0.4179,4,40,44
2,-10.884125,0,0,-2.5,0.26,0.2273,0.6,0.3284,incons,20,20
3,0,0,0,1,,0.2879,0.6,0.0896,3,10,13
4,0,0,0,1,0.26,0.2273,0.6,0.3582,0,2,incons
5,0,0,0,1,0.26,0.2576,0.6,0.2239,,1,1
6,0,0,0,incons,0.26,0.2576,0.6,16.355,0,1,1
7,0,0,0,,0.24,0.2424,0.65,0.1642,0,-15.8789375,8
8,0,0,0,1,0.24,0.2576,0.65,0.1045,2,21,23
-6.625,,0,incons,1,0.28,0.2879,,0.1045,7,incons,45
10,0,13.8775,incons,1,0.3,0.2879,0.52,0.2537,15,74,89
11,0,0,0,1,0.32,0.303,0.49,0.2537,28,incons,117
-6.625,0,0,0,1,0.34,0.3333,0.46,,incons,26.7273625,174
13,0,-8.4625,0,1,0.34,0.3636,0.46,0,47,135,37.3936875
14,0,0,incons,1,0.34,0.3485,0.46,incons,incons,26.7273625,161
15,0,0,0,1,incons,0.3485,0.46,0.0896,52,130,182
,0,0,0,1,0.34,0.3485,0.49,0.1045,42,115,157
17,0,0,0,1,0.34,0.3636,0.46,0,24,97,121
18,0,0,0,1,0.3,0.303,0.56,0.1642,13,65,
19,0,0,0,1,0.28,0.2879,0.61,0.1343,1,20,21
20,0,0,0,1,0.28,0.2879,0.61,-9.925,5,21,26
21,0,0,0,1,0.26,-3.4875,0.6,0,5,22,27
22,0,13.8775,0,1,0.26,0.303,0.6,0,18.26,-15.8789375,
23,0,0,,1,0.24,0.2879,0.65,0,4,incons,30
0,0,1,1,incons,0.24,0.2879,0.65,0,18.26,14,15
1,0,1,1,1,0.22,0.2727,0.75,0,1,4,5
2,0,1,1,1,0.2,0.2576,0.8,0,0,3,-22.3228125
3,0,13.8775,1,1,0.2,0.2576,0.86,0,0,1,1
4,0,1,1,1,0.2,0.2576,0.86,0,1,1,2
5,0,1,1,1,0.2,0.2576,11.9068,0,1,9,10
6,0,1,1,1,0.18,0.2424,0.93,0,1,29,30
,0,1,1,1,0.18,incons,0.86,,6,89,95
8,0,1,1,2,0.16,,1,0,7,223,230
9,0,1,1,1,0.22,0.2727,0.8,0,3,115,118
-6.625,0,1,1,1,0.24,0.2576,0.75,0.1045,6,49,55
11,0,1,1,1,0.3,0.3182,0.65,incons,11,36,47
incons,0,1,1,2,0.32,0.3485,0.62,0,7,59,66
10.375,0,1,1,2,0.36,0.3636,11.9068,0.0896,10,54,64
14,0,1,1,2,0.36,0.3636,0.57,0.0896,8,52,60
15,0,1,1,2,0.38,0.3939,0.54,0.0896,4,26.7273625,50
16,0,1,1,2,3.4328,0.3485,0.57,16.355,16,incons,
incons,0,1,1,2,,0.3182,0.7,incons,9,207,216
18,,1,1,2,0.34,0.3333,0.66,0.1343,5,170,
19,0,1,1,2,0.32,,0.7,,,123,128
20,0,1,-7.45,2,0.32,0.3333,0.7,0.1045,6,82,-22.3228125
21,,1,1,1,0.32,0.3485,0.7,,3,75,78
22,0,1,1,1,3.4328,0.303,0.81,0.0896,3,34,37
23,0,1,1,2,0.3,0.3333,0.81,0,6,19,25
0,0,2,1,2,0.28,0.3182,0.87,0,4,6,10
1,0,13.8775,1,2,0.28,0.3182,incons,0,,4,4
2,0,2,1,incons,0.26,0.2727,0.93,0.1045,,26.7273625,2
3,0,2,1,3,0.28,0.2727,0.93,0.1642,0,1,1
4,0,2,1,1,0.26,0.2576,incons,0.1642,0,3,37.3936875
5,18.130475,2,1,1,incons,0.2273,,0.3284,0,2,2
6,0,2,1,1,0.26,0.2273,0.7,0.3284,0,39,incons
7,0,2,1,1,0.24,0.197,0.65,0.4179,3,incons,100
8,0,2,1,1,0.24,0.197,0.56,0.4925,7,236,243
incons,0,2,1,1,0.24,incons,0.52,0.4925,7,128,135
,0,2,1,1,0.22,0.1818,0.47,0.5522,4,44,48
11,0,2,1,1,0.22,5.2925,0.47,0.4627,1,49,50
12,0,2,12.07,1,0.24,0.197,,0.4925,2,63,65
13,,2,1,2,0.24,0.197,0.32,0.4478,2,48,50
14,0,2,1,1,0.22,0.197,0.37,0.4179,3,61,64
15,0,2,1,1,0.22,0.197,0.35,0.3881,6,45,51
16,incons,2,1,-2.5,0.22,0.1818,0.35,0.5224,4,79,83
17,0,2,1,1,0.22,0.1818,0.32,0.5821,4,172,176
18,0,2,1,1,0.2,0.1818,0.32,0.3881,1,151,incons
19,incons,2,1,,0.16,0.1212,0.4,0.4627,,100,101
20,incons,2,,1,0.16,0.1364,0.4,0.3284,3,53,56
incons,0,2,1,1,0.14,0.1061,0.33,0.4627,8,46,54
22,0,2,1,1,0.12,0.1061,11.9068,0.3582,0,29,29
23,incons,2,1,1,0.12,0.1061,0.33,0.3284,3,-15.8789375,12
0,0,3,1,1,0.1,0.0758,0.36,0.3582,0,17,17
1,0,3,1,1,0.1,0.1061,0.36,0.2239,0,-15.8789375,7
2,0,3,1,1,0.08,0.0758,0.38,0.2836,1,incons,
3,0,3,1,1,0.06,0.0758,0.45,0.1343,0,2,2
5,0,3,1,1,0.06,0.1061,0.45,0.1045,0,7,7
6,0,3,1,incons,0.06,0.1515,0.45,0,0,43,43
-6.625,-10.884125,3,1,1,0.06,0.1061,0.49,0.1045,4,95,99
8,,3,1,,0.1,,0.42,0,1,198,199
9,0,3,1,1,0.12,0.1364,0.39,0.1642,4,119,
10,0,,1,3.5,0.14,0.1818,0.36,0,8,,59
11,0,3,1,2,0.14,0.1515,0.43,0.1642,1,40,41
,0,3,1,2,0.18,incons,0.4,0.2239,4,57,61
13,0,3,1,1,0.18,0.1667,0.4,0.2537,2,67,69
14,0,3,1,-2.5,0.2,0.1818,0.34,0.2985,2,56,58
15,0,3,1,2,0.2,0.1818,incons,0.2836,3,61,64
16,,13.8775,1,,0.2,0.197,0.37,0.2537,7,72,79
17,0,3,1,,0.2,0.197,,0.2537,,157,166
18,-10.884125,3,1,2,incons,0.1667,0.47,0.2985,2,168,170
19,0,3,1,3,0.14,0.1212,-7.178,0.2537,1,87,88
20,0,3,17.07,3,0.14,0.1515,0.86,0.1642,0,84,84
21,0,3,1,2,0.14,0.1515,0.86,0.1642,0,83,incons
22,0,3,1,3,0.16,0.1667,0.8,0.1642,incons,42,46
23,18.130475,3,1,3,0.16,0.1515,0.8,0.194,0,37,37
,0,4,1,3,0.14,0.1364,0.86,0.194,0,16,16
1,0,4,1,3,0.14,0.1515,-7.178,0.1343,incons,7,7
2,0,4,1,3,0.14,0.1515,0.8,0.1343,0,3,3
4,0,incons,1,2,0.14,0.1364,0.59,0.2239,0,1,1
5,0,4,12.07,2,0.12,0.1212,0.5,,0,6,
incons,0,4,1,2,0.12,0.1212,-7.178,0.2836,0,26,incons
7,0,4,1,1,0.1,0.0758,0.5,0.4179,0,99,99
8,0,4,incons,1,0.1,0.0758,11.9068,0.3284,5,173,178
9,0,-8.4625,1,1,0.12,0.1061,0.42,,,incons,
10,0,4,1,1,-2.388,0.1061,0.42,0.2985,1,34,37.3936875
11,0,4,1,1,0.14,0.1212,0.39,0.3582,1,44,45
12,0,4,1,incons,0.16,0.1364,0.34,0.3881,4,65,69
13,,4,1,1,0.18,-3.4875,0.29,0.2985,3,59,62
14,0,4,1,1,0.2,0.1818,0.27,0.2836,6,42,48
15,0,4,1,1,0.2,0.197,0.25,0.2537,0,50,50
16,0,13.8775,1,1,0.2,0.1818,0.27,0.2985,4,76,80
17,0,4,1,1,3.4328,0.1818,0.26,0.194,6,159,165
18,-10.884125,4,1,1,0.16,0.1818,0.28,0.1343,3,157,160
19,incons,4,1,1,0.14,0.1667,,0.1045,2,-15.8789375,112
-12.625,0,4,1,1,0.14,0.1818,0.31,0.0896,4,93,97
21,0,4,1,1,0.14,0.2121,0.39,0,2,70,72
22,0,4,1,1,0.12,0.197,0.39,0,4,47,51
23,0,4,1,1,0.12,0.1515,0.42,0.1045,1,33,34
incons,0,5,12.07,1,0.1,0.1364,0.49,0.1045,2,12,14
1,-10.884125,5,,1,0.1,0.1364,incons,0.0896,1,6,-22.3228125
2,0,5,1,1,0.1,0.1364,0.54,0.0896,0,3,3
5,,5,1,1,0.08,,0.63,0.0896,0,,incons
6,0,5,1,1,0.1,0.1818,0.68,0,1,23,24
7,0,5,1,1,0.08,0.1667,0.73,0,1,73,37.3936875
8,0,5,1,1,0.1,0.1212,,0.1642,4,212,216
incons,0,5,1,3.5,incons,0.1212,0.74,0.2239,8,132,incons
10,0,13.8775,1,1,0.14,0.1364,0.69,0.194,5,39,incons
11,0,5,1,,0.22,0.2273,0.47,incons,12,52,64
12,0,5,1,1,0.22,0.2273,0.47,0.1343,7,64,71
13,0,5,1,1,0.24,incons,0.35,0.194,21,89,110
14,0,5,1,1,-2.388,0.2879,0.26,16.355,17,67,84
15,0,5,1,incons,0.32,0.3182,0.21,0.1642,12,62,74
16,incons,5,1,,0.3,0.2879,0.28,0.194,14,111,125
17,0,5,1,1,0.3,0.3333,0.24,0,18,193,211
18,0,5,1,1,0.28,0.3182,0.28,0,9,165,174
19,0,5,1,1,0.26,0.303,0.33,0,,incons,101
20,0,5,1,1,0.22,0.2273,0.55,0.1343,2,61,63
21,0,5,1,-2.5,0.2,0.2121,0.59,16.355,1,46,47
22,0,,1,,0.2,0.2273,incons,0.0896,,,43
23,0,5,1,1,0.18,,0.69,0,5,48,53
0,0,incons,0,1,0.16,0.197,0.69,incons,3,27,30
1,0,6,0,1,0.14,incons,0.86,0,2,22,24
2,0,-8.4625,0,1,0.14,0.2121,0.8,0,2,13,15
3,0,6,0,1,,0.197,0.8,0,3,incons,10
10.375,0,6,0,1,0.12,0.1667,,0.0896,0,4,4
5,0,6,0,1,0.12,0.1667,incons,0.0896,-11.1,1,1
6,0,6,0,1,0.12,0.1364,0.93,0.194,1,1,2
7,0,6,0,1,0.12,0.1515,0.8,0.1045,2,9,11
8,0,6,0,1,0.14,0.1515,0.86,0.1343,2,28,incons
9,0,6,0,1,0.16,0.1818,0.64,0.1343,5,38,43
10,0,6,0,1,0.22,0.2121,0.41,0.2537,13,71,84
11,0,6,0,1,0.3,0.2727,0.28,0.3284,30,84,114
12,0,6,0,1,-2.388,5.2925,0.39,0.4627,27,93,120
13,18.130475,6,0,1,0.3,-3.4875,0.39,0.4179,32,103,135
14,-10.884125,6,0,1,0.34,-3.4875,0.31,0.2836,,90,120
15,incons,6,0,1,0.34,0.303,0.29,0.4179,47,127,174
16,18.130475,6,0,,0.34,0.303,0.29,0.4179,18.26,103,37.3936875
17,0,6,0,1,0.32,0.2879,0.31,0.5224,,113,137
18,0,6,0,1,0.28,0.2576,0.38,0.3284,4,60,incons
19,,6,0,1,0.28,0.2727,0.38,0.1642,2,39,41
20,incons,6,0,1,incons,0.2576,0.41,0.2239,1,39,40
21,0,-8.4625,0,1,0.26,-3.4875,0.41,0,9,42,51
22,0,6,0,incons,0.24,0.2576,0.44,0.0896,6,39,45
23,0,6,0,1,0.22,0.2273,0.51,16.355,1,31,32
0,0,0,0,1,0.2,0.2273,0.64,0.1045,incons,34,39
1,0,0,,1,0.2,0.2273,incons,0.0896,,23,24
2,incons,0,0,2,-2.388,0.2273,,0.0896,-11.1,19,20
3,0,0,0,2,0.2,0.2273,0.69,0.1045,incons,8,12
4,0,0,0,2,0.2,0.2121,-7.178,0.1642,0,2,2
6,0,0,0,2,0.2,0.2121,0.69,,,3,-22.3228125
7,0,0,0,,0.22,0.2727,0.55,0,0,3,3
8,0,0,0,2,0.22,0.2273,0.64,0.194,1,11,12
9,0,0,0,2,0.24,0.2273,0.6,0.2239,12,35,47
10,,0,0,,0.3,0.2727,0.45,0.3284,19,incons,105
11,0,0,0,1,0.32,,0.39,0.4478,26,86,112
12,0,0,0,1,0.36,0.3182,0.32,0.4627,58,94,-22.3228125
13,18.130475,0,incons,3.5,,0.3939,0.29,0.3582,62,92,154
14,0,0,0,2,0.4,0.4091,0.3,,incons,110,161
15,0,0,0,2,,0.4091,0.3,0.2985,40,122,162
16,0,0,0,2,0.42,0.4242,0.28,0.3284,28,incons,134
17,0,0,0,1,0.42,0.4242,0.28,0.3284,,95,125
18,0,0,0,1,0.4,0.4091,0.32,0.2985,17,78,incons
19,0,0,0,1,0.4,0.4091,0.35,0.2836,11,50,61
20,0,0,0,1,0.4,-3.4875,0.35,0.3284,15,,47
21,0,0,0,1,0.4,0.4091,0.35,0.3582,incons,45,51
incons,0,0,0,1,0.4,-3.4875,0.35,0.2985,5,31,
23,0,0,0,1,0.4,0.4091,0.35,,3,27,30
0,0,incons,1,1,0.38,0.3939,0.37,0.3582,3,8,11
1,0,,1,1,0.38,0.3939,0.37,0.3582,1,6,7
2,0,1,1,,0.36,0.3333,,0.2985,0,2,
3,0,1,1,1,0.34,0.3182,0.46,0.2239,1,1,2
4,0,-8.4625,1,1,incons,0.303,0.53,0.2836,0,2,
5,-10.884125,1,1,1,0.32,incons,0.53,0.2836,-11.1,incons,3
6,0,1,1,1,-2.388,0.303,0.46,0.2985,1,25,
7,incons,1,1,1,0.34,0.303,0.46,0.2985,2,96,98
8,0,1,17.07,1,-2.388,0.3939,0.4,0.4627,7,-15.8789375,-22.3228125
9,0,1,1,1,0.4,0.4091,0.37,0.3881,8,122,130
10,,1,1,1,0.44,0.4394,0.33,0.2239,-11.1,46,
11,0,1,1,1,0.52,0.5,0.23,0.2537,18.26,-15.8789375,53
-6.625,0,1,,1,0.56,0.5303,0.22,0.4478,27,99,126
13,0,1,1,1,0.58,0.5455,0.19,0.3881,27,93,120
14,,1,12.07,1,0.6,0.5909,0.15,-9.925,14,76,90
15,,1,1,1,-2.388,0.5303,0.21,0.6567,19,71,90
16,0,1,1,1,0.52,0.5,0.27,0.4627,16,,37.3936875
17,0,,1,,,0.4545,0.33,0.6119,25,218,243
18,,1,,1,0.4,0.4091,0.4,,11,194,37.3936875
19,0,1,1,1,0.38,,0.43,0.4925,incons,86,98
20,0,1,1,1,0.36,incons,0.46,0.4627,5,65,70
21,0,1,1,1,0.36,0.3182,0.5,0.5224,8,35,43
22,0,1,1,1,0.34,0.2879,0.46,0.6567,,incons,45
23,0,1,1,1,0.32,0.2879,,0.4925,1,19,20
0,,2,1,1,0.3,0.2727,0.49,0.4179,7,12,19
1,0,incons,1,,0.3,0.2424,0.42,0.7761,0,5,
2,0,,1,1,0.28,0.2273,0.41,0.6866,1,2,3
4,0,2,1,1,0.22,0.1818,0.37,incons,0,1,1
5,0,2,1,1,0.22,incons,0.32,0.4627,18.26,4,4
6,0,2,1,1,0.2,0.1818,0.32,0.3284,0,30,30
7,0,2,1,-2.5,0.2,0.1818,0.32,0.3582,2,,105
8,0,2,1,1,0.2,0.1818,0.32,0.3582,10,213,223
9,0,2,17.07,1,0.22,0.197,0.29,0.4478,2,,110
10,0,2,1,1,0.24,0.2121,0.27,0.2836,5,47,52
,0,2,1,1,0.26,0.2424,0.25,0.2537,incons,46,37.3936875
12,0,2,1,1,0.28,0.2727,-7.178,0.2537,,65,71
13,0,incons,1,1,,0.303,0.21,,incons,68,82
14,0,2,1,1,0.34,0.3182,0.19,0.2239,10,69,79
15,0,2,17.07,1,incons,0.3333,0.19,0.1642,11,74,85
16,,2,1,1,0.34,0.3182,0.19,0.2537,21,77,98
17,0,incons,1,1,0.32,0.303,0.22,0.2239,15,191,206
18,0,2,1,,incons,0.303,0.22,0.1343,14,198,212
19,0,2,1,1,0.28,0.2879,0.26,0.1343,3,142,37.3936875
20,0,2,1,1,0.26,0.2727,0.33,0.1045,3,98,101
10.375,0,2,1,1,0.24,0.2879,incons,0,incons,61,66
22,0,incons,1,1,incons,0.2879,0.44,0,0,41,41
23,0,2,1,2,0.22,0.2576,0.44,0.0896,0,20,20
0,0,3,1,1,0.22,0.2576,0.41,0.0896,0,15,15
1,0,3,1,1,0.2,,0.44,0.0896,0,9,9
3,0,3,1,2,0.2,0.197,0.47,0.194,0,1,1
4,0,3,,1,0.2,0.197,0.51,0.194,0,1,1
5,0,3,1,1,0.2,0.197,0.47,0.194,0,5,5
6,,3,1,1,0.2,0.197,0.55,0.2239,1,32,33
7,0,13.8775,1,2,0.2,0.197,,0.2239,5,103,108
8,-10.884125,3,1,2,0.22,0.2273,11.9068,0.1642,6,26.7273625,230
9,0,3,1,1,0.24,0.2121,incons,0.2836,2,122,124
10,18.130475,-8.4625,1,1,incons,0.2273,0.41,0.3881,14,55,69
11,0,3,1,1,0.34,0.303,0.34,0.2985,7,59,66
12,0,3,1,1,,0.3939,,0.3284,-11.1,72,86
13,0,,1,1,0.42,0.4242,0.3,,13,,93
14,0,incons,1,1,0.46,0.4545,0.28,0.4179,17,65,82
15,0,3,1,1,0.46,0.4545,0.28,16.355,35,incons,117
16,0,-8.4625,,1,0.46,0.4545,0.31,0.3881,26,96,-22.3228125
17,0,-8.4625,1,1,0.46,0.4545,0.28,0.2836,11,,255
18,0,3,,1,0.4,0.4091,0.4,0.2239,20,202,222
19,0,3,1,1,,0.3182,incons,,18,143,
20,0,3,1,1,0.38,,,0.194,10,108,118
21,0,3,1,incons,0.36,0.3485,0.46,0.194,,87,92
22,0,3,1,1,0.34,0.3333,0.53,0.194,12,26.7273625,73
23,0,3,1,1,incons,-3.4875,0.4,-9.925,2,31,
0,0,4,,1,0.34,incons,0.53,0.194,1,16,17
1,0,4,1,1,0.34,0.3182,0.53,0.2239,0,6,6
2,0,4,incons,2,0.34,0.3182,0.53,0.2239,2,4,6
3,0,4,1,1,0.34,0.3333,0.53,0.194,3,1,4
4,0,4,1,1,0.32,0.3182,0.57,0.194,3,1,4
5,0,4,1,1,0.32,0.3333,0.66,0.0896,1,11,12
6,,4,1,1,0.3,0.303,0.7,0.1343,3,26.7273625,47
7,incons,4,1,1,0.32,0.3333,0.57,0.1045,,119,126
8,0,4,1,1,0.32,0.3333,0.57,0.0896,18,267,285
9,0,4,1,1,0.36,0.3485,0.57,0.194,16,163,179
10,0,4,1,1,0.38,0.3939,0.54,0.194,18,70,88
11,0,4,1,2,0.44,0.4394,0.44,0.2537,19,71,37.3936875
12,0,4,1,1,0.48,0.4697,0.41,0.2239,,86,101
13,0,4,1,1,0.54,0.5152,0.34,0.2239,15,108,123
14,0,4,1,1,0.6,0.6212,11.9068,0.2239,26,55,81
15,0,4,incons,incons,0.6,0.6061,0.28,0.2537,incons,-15.8789375,106
16,0,-8.4625,,2,0.56,5.2925,-7.178,,,117,146
17,0,4,1,2,0.58,0.5455,0.32,,18,-15.8789375,274
18,0,4,1,2,0.54,0.5152,0.42,0.2836,11,211,222
19,0,4,1,1,0.48,0.4697,0.55,0.3284,14,,175
20,0,4,1,1,0.48,0.4697,0.59,0.3284,8,131,139
21,0,,1,1,0.52,0.5,0.55,0.3881,5,119,124
22,0,,,1,0.5,0.4848,0.59,0.2836,8,68,76
23,0,4,1,1,0.46,0.4545,0.67,0.2985,4,40,44
0,0,5,1,1,0.44,0.4394,0.72,0.2836,12,26.7273625,32
1,-10.884125,5,1,,0.44,0.4394,0.72,0.2239,1,7,8
incons,0,5,1,1,0.44,-3.4875,0.72,0.2836,2,,7
3,0,5,-7.45,1,0.46,0.4545,0.67,0.2537,2,6,8
4,incons,5,1,1,0.46,0.4545,0.67,0.2537,0,1,1
5,0,5,1,2,0.46,0.4545,0.67,0.1045,1,6,7
6,0,5,1,2,,0.4394,0.72,0.1642,2,48,50
7,0,5,1,2,0.42,,0.77,0.2239,8,108,116
8,0,5,1,2,0.42,0.4242,11.9068,0.194,,246,272
9,0,5,1,incons,0.42,0.4242,0.77,16.355,15,154,169
10,0,5,1,incons,,0.4394,11.9068,0.2239,17,78,95
11,0,5,1,incons,0.44,0.4394,0.72,0.1642,,82,113
12,0,5,,1,0.5,0.4848,0.59,0.194,59,126,185
13,0,5,1,1,0.6,0.6212,incons,0.194,45,131,176
,0,5,1,1,0.66,0.6212,11.9068,0.2985,73,118,191
15,0,5,1,1,0.66,0.6212,0.36,0.3284,55,117,172
10.375,0,5,1,1,0.66,5.2925,0.36,0.2836,68,164,232
17,0,5,1,1,0.66,0.6212,0.34,0.3582,18.26,275,327
18,0,5,1,1,0.64,0.6212,0.33,0.3284,29,195,224
incons,-10.884125,5,1,1,incons,,0.29,0.5821,16,146,162
20,0,5,1,1,0.6,,0.31,0.194,18.26,105,124
21,0,5,1,,0.58,0.5455,incons,,11,61,incons
22,0,5,1,1,0.54,0.5152,incons,0.2537,19,26.7273625,107
23,0,,,1,0.52,0.5,0.08,0.2836,,61,incons
0,0,6,0,incons,0.48,0.4697,0.12,0.4925,6,,29
1,0,6,0,1,0.46,0.4545,0.14,0.4179,10,,-22.3228125
2,0,6,0,1,0.44,0.4394,0.13,0.3881,3,,17
3,0,6,0,1,0.42,0.4242,0.14,16.355,0,7,
4,incons,6,0,1,0.4,0.4091,0.15,0.3284,0,3,3
5,0,6,0,1,0.4,0.4091,incons,0.3284,0,3,3
6,0,6,-7.45,1,0.4,0.4091,0.17,0.4179,3,3,
7,0,6,0,1,0.38,0.3939,0.17,0.5224,6,incons,22
8,0,6,0,1,0.38,0.3939,0.17,0.5821,9,26.7273625,37.3936875
9,0,6,0,1,incons,0.4091,0.16,0.6567,18,37,
10,-10.884125,6,0,1,0.42,0.4242,incons,0.5821,34,72,106
11,0,6,0,1,0.44,0.4394,0.16,0.5821,47,-15.8789375,123
12,0,6,0,incons,0.44,0.4394,0.18,0.4925,38,81,119
13,0,6,0,1,0.44,0.4394,0.16,0.6119,52,103,155
14,0,13.8775,0,1,0.46,0.4545,0.15,-9.925,incons,94,196
15,0,6,0,1,0.44,0.4394,0.16,0.7463,84,87,171
16,0,6,0,1,0.44,0.4394,0.16,0.6418,39,81,120
,0,6,0,1,0.42,0.4242,,0.6119,36,91,127
18,0,6,0,1,0.36,0.3182,0.25,0.4478,21,67,88
-6.625,0,6,0,1,0.34,0.303,0.29,0.3582,5,54,59
20,0,6,0,1,0.32,,0.28,0.5224,9,38,47
-6.625,incons,6,0,1,0.32,0.2727,0.26,0.5522,4,29,33
22,0,6,0,1,0.3,0.2576,0.28,0.4925,2,42,44
23,0,6,,1,0.28,0.2424,0.33,0.4478,4,25,29
0,0,0,0,1,0.26,,0.35,0.4478,3,14,17
1,0,,0,incons,0.24,0.197,0.41,incons,5,11,16
2,0,0,0,1,0.24,0.197,0.41,0.5522,0,-15.8789375,17
3,0,0,0,1,0.22,0.1818,0.44,0.5522,9,9,18
4,-10.884125,0,,,0.22,0.1818,0.44,0.5522,-11.1,1,1
6,18.130475,0,0,1,0.2,0.1818,0.47,0.2985,1,1,2
7,0,incons,0,1,0.18,0.1667,incons,0.2537,incons,2,2
8,0,0,0,1,0.2,0.2273,0.51,0.1045,2,22,24
9,0,0,0,1,0.22,-3.4875,0.47,0.2836,7,48,55
10,0,0,0,-2.5,0.26,0.2576,0.41,0.194,34,70,104
incons,0,0,0,2,0.3,0.303,0.33,0.1642,72,89,37.3936875
12,0,0,0,1,0.3,0.3182,-7.178,0.1045,62,120,182
13,0,0,0,3.5,0.34,0.3333,0.29,0,,122,198
14,0,0,0,,0.36,incons,0.27,0.1642,108,104,212
15,0,0,0,1,0.36,0.3636,,0.0896,66,102,168
16,0,13.8775,0,1,0.36,0.3636,0.29,0.0896,59,26.7273625,147
17,0,0,17.07,-2.5,0.34,0.3485,incons,0.1642,,86,146
10.375,0,0,0,2,0.34,0.3333,0.36,0.1343,30,71,101
19,0,0,0,2,0.34,0.3333,0.36,0.1343,3,39,42
20,0,0,12.07,2,0.34,0.3636,0.42,0,12,30,42
21,0,0,0,2,incons,0.3485,-7.178,0,17,39,56
22,,0,0,2,0.32,0.303,0.57,0.2239,4,43,47
23,0,0,0,2,0.3,0.303,0.61,0.1642,9,45,54
0,1,1,0,2,0.34,0.303,0.42,0.3284,7,30,37
1,-10.884125,1,0,2,0.34,0.303,0.42,0.3284,2,11,13
2,1,1,0,2,0.34,0.303,0.42,0.3284,1,3,4
3,,-8.4625,0,2,0.34,0.303,0.42,0.2985,2,3,5
4,1,1,0,incons,0.32,0.3182,0.45,0.1642,1,0,1
5,1,1,0,2,0.34,0.3636,0.36,0,1,2,
6,1,1,,2,0.42,-3.4875,0.26,0.2985,2,6,8
7,1,1,0,2,0.42,0.4242,0.26,0.2836,3,16,19
10.375,1,1,0,2,0.32,0.303,0.57,0.2985,7,56,63
9,1,1,0,2,-2.388,incons,0.57,0.2836,18.26,,57
10,,1,0,2,0.32,0.303,0.57,0.2537,incons,52,81
11,1,1,-10.45,2,0.32,0.3333,0.57,0.1045,20,70,90
12,18.130475,1,0,2,incons,0.3182,0.66,0.194,,67,93
13,1,1,0,3,0.3,0.2727,0.81,0.3284,28,75,
14,1,1,0,2,0.32,0.303,0.76,0.2537,15,incons,116
15,incons,13.8775,0,2,0.3,0.2727,0.7,0.4478,11,76,87
,,incons,0,3,0.28,0.2424,0.75,0.4179,8,incons,
17,1,1,0,2,0.28,0.2576,0.75,0.3881,18,62,80
18,1,1,0,2,0.24,0.2121,,0.3582,2,64,66
,1,1,0,2,0.24,,0.87,0.3582,0,49,49
20,1,1,0,3,0.24,0.2121,0.81,0.3881,0,29,29
21,1,1,0,,0.22,0.197,0.75,0.4478,1,33,34
22,1,1,incons,,0.2,0.1667,0.75,0.4179,0,11,11
23,1,1,0,3,0.2,0.1667,0.75,0.4179,0,2,
6,0,2,-10.45,2,0.12,0.1212,0.8,0.2836,0,7,7
7,0,2,1,2,0.12,0.1212,,incons,0,40,40
8,0,2,1,incons,0.12,incons,0.8,0.2537,7,107,114
9,0,2,,2,0.14,0.1212,0.74,0.2537,5,incons,106
10,0,,1,1,0.16,0.1818,0.69,0,0,44,44
11,0,2,17.07,1,0.16,incons,0.64,0,7,43,50
,0,2,incons,1,0.2,0.2273,0.59,0.1045,7,48,55
13,0,,-7.45,1,0.22,0.2273,incons,0.1642,3,52,incons
14,0,2,1,1,0.22,0.2273,0.55,0.194,9,incons,58
15,0,2,1,1,0.24,0.2273,0.48,0.194,2,67,69
16,0,2,1,1,0.22,0.2273,0.51,0.1642,7,,86
17,0,2,1,1,0.22,0.2121,-7.178,0.2239,8,188,196
18,0,2,1,1,0.22,-3.4875,0.47,0.1343,6,161,167
-6.625,0,2,1,1,incons,0.1818,0.47,0.2836,4,114,118
20,incons,2,1,1,0.2,0.197,0.47,0.2239,3,102,105
21,18.130475,2,1,1,0.2,0.197,0.47,0.2537,2,80,82
,0,2,1,1,0.16,0.1515,0.43,0.2537,1,76,77
23,0,2,1,1,0.16,0.1515,incons,0.2537,incons,18,21
0,0,3,1,,0.14,0.1364,0.5,0.194,0,6,6
1,0,3,1,1,0.14,0.1515,0.46,0.1642,0,4,4
2,0,3,,1,,0.1515,0.5,0.1343,0,1,1
3,0,3,1,1,0.12,0.1364,0.5,0.1642,0,2,2
5,0,3,1,1,0.12,0.1515,0.5,incons,0,8,8
6,0,3,1,1,,0.1515,0.5,0.1045,0,26.7273625,36
,0,3,1,1,0.12,0.1515,0.54,0.1343,,94,96
8,0,3,1,1,0.14,0.1515,incons,0.1642,8,,235
9,,3,1,1,0.18,0.2121,0.51,,9,130,139
10,incons,3,-7.45,1,0.2,0.2576,0.4,0,4,-15.8789375,51
11,0,3,1,1,0.24,0.2576,0.41,0.1045,16,53,69
12,0,3,12.07,1,0.26,0.2879,0.35,0.0896,11,56,
13,0,3,1,1,0.3,0.3182,0.28,0.0896,9,78,87
14,0,,1,1,0.32,0.3333,0.29,0.1045,17,61,78
15,18.130475,3,1,1,0.34,0.3485,0.25,0.0896,18,54,72
16,0,,1,1,0.34,0.3636,0.25,0,15,79,94
-6.625,-10.884125,3,1,1,0.34,0.3485,0.25,0.0896,15,207,222
18,0,3,1,1,0.32,0.3333,,0.0896,3,-15.8789375,209
19,incons,3,1,1,0.3,0.3333,0.33,0,6,,141
20,,3,1,1,0.24,0.2424,0.6,0.1642,2,107,109
21,18.130475,3,1,1,0.24,0.2879,0.48,0,2,89,91
22,0,,1,1,0.24,0.2879,0.48,0,1,60,61
23,0,3,1,1,0.22,0.2576,0.55,0.0896,1,38,39
0,0,,1,1,0.22,0.2576,0.55,0.0896,0,11,11
1,0,,1,1,0.22,0.2576,0.6,0.0896,,7,incons
2,0,-8.4625,1,1,0.2,0.2273,0.64,0.0896,0,4,4
3,0,4,1,,-2.388,0.2121,0.64,0.1343,0,2,2
5,0,4,17.07,1,0.2,0.2121,0.69,0.1343,1,3,4
6,0,4,1,1,0.2,0.197,0.69,0.194,0,,58
7,18.130475,4,1,1,0.2,0.197,0.72,0.194,0,104,104
8,0,4,,1,0.24,5.2925,0.7,0.2239,8,,incons
,,4,1,,0.24,0.2121,0.75,0.2985,4,133,137
10,0,4,1,2,0.26,0.2424,0.7,0.2836,8,49,57
11,0,4,1,3.5,0.32,0.2879,0.57,0.3881,8,71,79
12,0,4,1,2,0.36,0.3333,0.53,0.3582,10,85,95
13,0,4,1,2,0.38,0.3939,0.54,0.2985,16,,88
,0,4,1,2,0.4,,0.5,0.2985,2,67,69
10.375,0,4,1,3,0.4,0.4091,0.54,0.3881,5,58,63
16,0,4,1,3,0.38,0.3939,0.62,0.2836,4,incons,71
17,0,4,1,,0.36,0.3485,0.66,0.194,9,168,177
18,0,4,1,2,0.34,0.303,0.87,0.3284,5,26.7273625,137
19,incons,-8.4625,1,3,0.34,0.303,0.93,0.2985,3,112,115
20,0,4,1,2,0.34,0.303,0.93,0.3582,2,-15.8789375,89
21,0,,1,2,0.34,0.303,0.87,-9.925,7,76,83
22,0,,12.07,3,0.34,,0.87,0.2836,-11.1,50,55
23,incons,4,1,2,0.32,,0.93,0.2239,,-15.8789375,50
0,18.130475,5,1,3,0.32,0.3485,,0,1,,9
1,0,5,1,2,0.32,0.3485,1,0,1,9,37.3936875
,0,5,1,,0.32,0.3485,1,0,0,3,3
3,0,incons,1,2,0.32,,0.93,incons,1,1,2
5,0,5,1,2,0.32,0.3333,0.93,0.1045,1,5,6
6,0,5,1,3,0.34,5.2925,0.93,0.0896,0,,11
7,0,5,1,3,0.34,0.3333,1,0.1343,1,34,35
8,0,5,1,3,0.36,0.3485,-7.178,0.1343,3,70,
9,0,5,1,3,,0.303,0.93,0.3582,3,111,37.3936875
10,0,5,1,3,0.42,,0.94,0.3284,7,42,49
11,0,5,1,,0.52,0.5,0.77,0.4478,9,50,59
12,0,5,1,3,0.54,0.5152,0.6,0.4627,20,95,incons
13,-10.884125,5,1,3,,5.2925,0.6,0.4627,6,77,
14,0,5,1,3,0.56,0.5303,,0.6119,-11.1,71,85
15,,5,1,1,0.46,0.4545,0.41,0.806,5,,55
16,0,5,1,1,,,,0.4627,incons,,
17,0,5,1,1,0.32,0.2727,-7.178,0.7463,,181,189
18,0,5,1,1,0.32,,0.49,0.4925,7,150,157
19,0,5,1,1,0.3,,0.52,0.4478,-11.1,86,37.3936875
20,0,5,1,1,0.3,-3.4875,0.49,0.6119,2,incons,62
incons,0,5,1,1,0.28,0.2576,0.48,0.3881,7,56,63
22,-10.884125,5,1,1,0.26,5.2925,0.48,0.4478,incons,43,50
23,-10.884125,5,1,1,0.26,0.2273,0.48,0.3284,2,37,39
0,0,6,0,1,0.24,0.2273,0.52,0.194,3,25,28
1,0,13.8775,0,1,,0.2121,0.52,0.2985,2,25,27
2,0,6,0,1,,incons,0.6,16.355,18.26,9,12
3,18.130475,incons,0,1,incons,0.2273,0.55,,1,7,8
4,,6,0,2,0.22,0.2576,0.6,0.0896,1,1,2
5,0,6,0,2,0.22,0.2424,0.64,0.1045,1,9,10
6,0,6,0,1,0.22,0.2727,incons,0,1,6,
7,0,-8.4625,0,1,0.22,0.2576,0.6,0.0896,1,incons,
8,0,6,0,-2.5,0.24,0.2879,0.6,0,,55,57
9,0,6,,2,0.26,0.2576,0.56,0.1642,9,65,74
10,0,,0,,0.3,0.303,0.49,0.1343,14,71,85
11,0,6,0,1,0.3,5.2925,0.45,0,26,100,126
12,0,incons,17.07,2,0.32,0.3182,0.45,0.1642,45,115,160
13,,6,0,2,0.34,0.3182,0.42,0.2537,38,136,174
14,0,6,0,2,0.34,0.303,0.36,-9.925,57,154,211
20.375,0,6,0,2,,0.3333,11.9068,0.2836,40,125,165
16,0,6,0,1,0.36,0.3333,0.46,0.2836,41,130,171
17,-10.884125,6,0,1,0.36,0.3485,11.9068,0.2239,53,130,183
18,0,6,0,1,0.34,0.3333,0.46,0.194,26,111,137
19,0,6,0,1,0.32,0.303,-7.178,incons,30,64,94
20,0,6,17.07,1,0.3,0.303,0.56,0.1642,8,60,68
21,0,incons,0,1,0.28,0.2727,0.65,0.2537,9,59,37.3936875
22,0,6,0,1,0.28,0.2727,0.75,incons,8,38,46
,0,13.8775,0,1,incons,0.2576,0.75,0.2836,5,29,34
0,0,0,0,1,0.26,0.2424,0.87,0.2836,18.26,26,34
1,0,0,0,1,0.26,incons,0.87,0.194,7,30,37
2,0,0,0,1,-2.388,0.2727,0.87,0.1343,2,26.7273625,22
3,0,0,0,1,0.26,0.2879,0.87,0.0896,3,8,11
4,0,0,0,1,0.24,0.2424,0.87,0.1343,0,incons,2
6,0,0,0,1,0.24,0.2879,0.87,0,2,1,3
7,0,0,0,1,0.24,0.2424,0.87,0.1343,6,8,
8,0,,0,1,0.26,0.303,0.87,,9,26,35
incons,0,0,0,1,0.28,0.303,0.87,0.0896,17,42,59
10,0,-8.4625,0,1,0.3,0.303,0.81,0.1642,24,79,103
-6.625,0,0,0,1,0.36,0.3485,0.62,0.1343,33,92,125
12,0,0,0,1,,0.4091,0.54,incons,61,132,193
13,0,0,0,1,0.42,,0.47,0,90,169,-22.3228125
14,0,13.8775,0,1,0.44,0.4394,0.47,0.0896,105,26.7273625,282
15,0,0,0,1,0.46,0.4545,0.44,0.1343,98,163,261
16,0,0,,1,0.48,0.4697,0.44,0.1642,98,170,268
17,0,0,incons,1,0.42,0.4242,0.54,0.194,66,121,-22.3228125
18,0,0,0,1,incons,0.4091,0.54,-9.925,24,103,127
,,0,0,1,,0.4091,11.9068,0.1343,16,86,102
20,0,0,0,,0.4,0.4091,0.54,0.0896,,72,81
21,18.130475,0,0,1,0.38,0.3939,0.62,0.1642,8,61,69
20.375,0,0,-10.45,2,0.38,0.3939,0.62,0.1045,2,67,69
,0,0,0,2,0.36,0.3485,0.62,0.1642,6,53,59
incons,0,1,1,2,0.36,0.3636,0.66,0.1045,5,25,incons
1,0,1,incons,3,3.4328,-3.4875,0.87,0.3582,1,7,8
3,0,1,17.07,3,0.32,0.3182,0.93,0.1642,0,incons,1
5,0,1,1,2,0.34,0.3636,0.93,0,1,4,5
6,0,1,1,2,0.34,0.3485,0.96,0.1045,1,27,28
7,0,13.8775,1,2,0.36,0.3636,0.93,0.1045,2,-15.8789375,92
8,0,1,1,2,0.34,0.303,0.93,0.2985,13,242,255
9,0,1,1,1,0.42,0.4242,-7.178,0.2836,15,127,142
10,0,1,1,2,0.52,0.5,0.72,0.4925,13,79,92
11,,1,1,2,0.56,0.5303,0.64,16.355,13,74,87
12,0,1,1,2,0.56,0.5303,0.64,0.2985,0,36,36
13,0,1,1,3,0.46,0.4545,0.94,0.2239,1,-15.8789375,32
14,0,1,1,3,0.42,,1,0.2985,1,24,25
15,0,1,1,3,0.42,0.4242,1,0.2985,0,35,35
16,-10.884125,1,1,3,0.42,0.4242,1,0.1343,2,40,42
17,0,1,1,3,0.4,0.4091,1,0.2985,2,77,79
18,0,1,1,3,0.46,0.4545,0.94,0.194,4,127,131
19,0,1,1,3,0.44,0.4394,0.88,0.6119,1,79,80
incons,,1,1,3,0.44,0.4394,0.88,0.6119,0,45,45
21,incons,1,1,2,-2.388,0.3939,0.87,0.3881,,,80
22,0,1,1,incons,0.34,0.303,0.93,0.4179,incons,72,76
23,incons,1,1,2,0.32,0.2879,0.81,0.3881,0,45,45
0,-10.884125,2,1,1,,0.2727,0.7,0.4627,0,7,7
1,18.130475,incons,1,1,0.26,-3.4875,0.7,0.3582,0,3,3
2,0,2,1,1,0.24,5.2925,0.65,0.3881,0,4,-22.3228125
3,0,2,1,1,0.22,0.2121,,0.2836,0,2,2
4,0,2,1,1,0.22,0.2121,0.69,incons,0,1,37.3936875
5,0,2,1,1,0.2,0.1818,0.64,0.2836,1,1,2
6,0,,1,incons,0.2,0.1818,0.59,0.2985,0,46,46
7,0,2,12.07,1,0.2,0.1818,0.59,0.3284,2,105,107
8,-10.884125,2,1,1,0.2,0.1818,0.59,0.3881,10,204,214
9,0,2,1,1,0.22,0.197,0.55,0.4179,8,116,124
10,0,2,1,1,,0.2121,0.52,0.2836,13,,-22.3228125
11,0,2,1,1,0.28,0.2727,0.45,0.2537,8,48,56
12,0,2,1,1,-2.388,0.303,0.39,0.1343,6,80,
13,0,2,1,1,0.32,0.3485,0.39,0,13,65,78
14,0,2,1,1,0.32,0.3333,0.36,0.1343,18,61,79
15,0,2,1,1,0.34,0.3636,0.34,0,7,57,64
16,0,2,17.07,1,0.34,0.3485,,0.0896,10,92,102
17,0,2,1,1,0.34,0.3485,0.34,0.0896,12,230,242
18,0,2,1,1,0.32,0.3182,0.39,0.194,10,214,224
,-10.884125,2,,1,0.3,0.303,0.49,0.1343,4,115,119
20,0,2,1,1,0.3,0.3182,0.61,0.0896,2,86,
21,0,2,1,1,0.26,0.303,0.56,0,-11.1,55,63
22,0,2,,1,-2.388,0.2727,0.62,0.1045,3,44,47
23,incons,2,1,1,0.24,0.2273,0.65,,-11.1,23,25
0,0,3,1,1,0.22,0.2273,0.69,0.1642,3,5,37.3936875
1,0,3,1,1,0.22,0.2273,0.69,0.194,,4,4
2,0,3,1,incons,0.22,,0.69,0.194,0,,2
3,0,,1,1,0.22,0.2121,0.69,0.2836,3,1,4
4,0,incons,1,1,0.2,0.2121,0.75,0.1343,1,0,1
5,0,3,1,1,0.22,0.2121,0.69,0.2239,0,5,5
incons,0,3,1,1,0.22,0.2121,0.55,0.2537,1,39,40
10.375,0,3,1,1,0.22,0.2121,0.64,0.2537,2,108,110
8,0,3,1,1,0.24,0.2121,0.65,0.2836,13,243,256
,0,3,1,incons,0.28,0.2576,incons,0.2985,7,141,148
10,0,3,1,incons,0.32,0.303,0.49,0.2836,11,65,76
11,0,3,1,1,0.34,0.303,0.53,0.3284,8,,73
12,0,3,1,,0.4,0.4091,0.43,0.194,20,62,82
13,0,3,1,1,0.5,0.4848,0.25,0,35,90,125
14,0,3,1,1,0.52,0.5,0.23,0.2985,21,75,96
15,0,3,1,1,0.54,0.5152,0.19,0.4179,19,91,110
16,0,3,1,1,0.54,0.5152,0.19,0.3284,27,112,139
17,0,3,1,1,0.5,0.4848,0.23,0.2836,30,-15.8789375,268
18,0,3,,1,0.46,0.4545,0.23,0.4925,8,193,201
19,0,3,1,1,0.4,5.2925,0.28,0.5224,-11.1,144,150
20,,incons,1,1,0.36,0.3333,0.29,0.4179,9,86,95
21,0,3,1,1,0.34,0.2879,0.29,0.4627,incons,68,71
22,0,3,1,1,0.3,0.2576,incons,0.5522,4,44,48
23,-10.884125,-8.4625,1,1,0.26,0.2121,0.3,0.5224,0,22,22
0,0,4,1,1,0.24,-3.4875,,0.4627,3,10,13
1,0,4,1,1,0.24,0.197,0.3,0.4627,0,1,1
2,0,incons,1,1,0.2,-3.4875,0.27,-9.925,1,2,3
3,0,4,1,1,0.2,,0.27,0.4627,0,1,1
4,0,4,1,1,0.16,0.1212,0.31,0.4925,0,1,1
5,0,4,1,1,0.14,0.1212,0.33,0.2985,1,7,incons
6,0,4,1,1,0.14,,0.33,0.2985,1,34,35
7,18.130475,4,1,1,0.12,0.0909,0.42,0.4179,1,110,111
8,0,4,1,1,0.14,0.1212,0.39,16.355,4,216,220
9,0,4,1,1,0.16,0.1364,0.37,0.2836,10,135,145
10,,4,1,1,0.18,0.1818,0.29,0.194,7,49,56
11,,4,1,1,0.2,0.2273,0.29,0.0896,10,40,-22.3228125
12,0,4,1,1,incons,0.2273,0.25,-9.925,7,65,72
13,0,4,1,-2.5,0.22,0.2576,0.25,0.0896,13,,80
14,0,4,1,3.5,0.24,0.2576,0.21,0.1045,18,60,78
15,-10.884125,4,incons,1,0.24,0.2879,0.23,0,6,62,68
16,0,,,1,0.26,0.303,0.23,0,6,65,71
17,0,4,1,1,0.26,0.303,0.22,0,17,,
18,0,13.8775,1,1,0.24,0.2121,0.35,0.3284,6,incons,167
19,0,4,1,1,0.2,0.197,0.4,0.2537,5,101,106
20,0,4,1,1,,0.2273,0.4,0.0896,1,69,70
21,,,1,1,,0.2121,0.4,0.1045,3,48,51
22,0,4,1,1,0.2,0.2576,0.4,0,3,50,53
23,0,4,1,2,0.18,0.2121,0.43,0.0896,0,23,23
0,18.130475,5,1,2,0.2,0.197,0.55,0.194,0,12,12
1,0,5,1,2,0.18,0.1818,0.64,0.194,0,4,4
-6.625,0,5,1,2,0.18,0.1818,,0.194,0,2,2
3,0,5,,2,0.18,5.2925,0.74,0.2537,0,1,1
4,0,5,1,2,incons,0.1818,0.74,0.194,1,0,1
5,0,5,1,2,0.16,0.1818,0.74,0.1343,0,7,7
6,0,5,,2,0.16,incons,0.74,0.0896,1,28,29
7,0,5,1,1,0.16,0.1818,,0.1343,0,83,83
8,0,5,17.07,1,0.18,0.197,0.74,0.1343,,222,228
9,0,5,1,1,0.22,0.2273,0.6,0.1343,12,138,150
10,0,5,1,1,0.24,0.2273,0.6,0.2537,10,56,
11,0,5,1,,0.28,0.2727,0.52,incons,16,73,89
12,0,5,1,1,0.32,0.303,0.43,0.1642,10,87,97
13,0,5,1,1,0.34,0.3182,0.42,0.2239,13,74,87
14,0,5,1,1,0.36,0.3333,0.4,0.2836,30,65,95
15,0,5,1,1,0.36,,0.4,0.2985,31,75,106
16,0,5,-10.45,1,0.36,0.3485,0.46,0.194,17,101,118
17,,,1,2,0.36,0.3333,0.5,0.2537,22,206,228
18,0,5,1,2,0.34,,0.53,0.2985,15,172,187
19,0,5,1,1,0.32,0.303,0.61,0.2537,5,102,37.3936875
20,0,5,1,incons,0.3,0.2879,0.7,-9.925,9,26.7273625,87
21,0,5,1,2,0.3,0.2879,0.7,0.2239,6,-15.8789375,70
22,0,5,1,1,0.3,0.2879,0.7,-9.925,4,40,44
23,0,5,1,2,0.3,0.303,0.75,incons,6,40,46
0,0,6,0,2,0.28,0.2879,0.81,0.1045,4,15,19
,0,6,0,2,0.3,0.3182,-7.178,0.1045,5,20,25
2,0,6,0,incons,0.3,,0.87,incons,5,15,20
3,0,6,0,2,0.3,0.2879,0.87,0.194,0,2,2
4,0,6,0,2,0.3,,0.93,0.1642,0,1,1
-6.625,0,6,,2,0.3,0.303,1,0.1343,-11.1,3,3
6,0,6,0,2,0.3,0.2879,1,0.2239,1,3,4
7,0,-8.4625,0,2,0.3,0.2727,1,,5,10,15
8,0,6,0,,0.3,0.2727,1,0.2985,11,34,45
9,0,-8.4625,0,2,0.32,0.303,0.93,0.2239,15,48,63
10,0,6,0,2,0.34,0.3333,0.93,0.194,,69,103
,0,incons,0,2,0.4,0.4091,0.76,0.2239,43,116,159
,0,6,0,2,0.44,0.4394,0.67,0.2537,46,121,
13,0,6,0,2,0.46,0.4545,0.67,0.2836,60,130,190
-6.625,0,6,0,2,0.48,0.4697,0.59,16.355,80,118,198
incons,-10.884125,6,0,2,0.46,0.4545,0.63,0.2985,83,122,205
16,0,,0,2,incons,0.4697,0.59,0.2985,74,130,204
17,0,6,0,2,0.48,0.4697,0.59,0.3582,60,104,164
10.375,0,6,0,2,0.48,0.4697,0.59,0.3284,37,115,152
19,0,6,,2,0.46,0.4545,0.67,0.3284,27,62,89
20,0,6,0,incons,0.44,incons,-7.178,0.3284,12,58,70
21,0,6,0,2,0.44,0.4394,0.72,0.3284,12,60,72
incons,0,6,0,2,0.42,incons,0.77,0.2985,incons,-15.8789375,63
23,0,6,0,2,incons,0.4394,0.77,0.2985,10,34,
10.375,0,0,incons,2,0.42,0.4242,0.77,0.3582,,41,52
1,0,0,incons,2,0.42,0.4242,0.77,0.2836,12,27,39
2,0,0,incons,2,0.4,0.4091,0.82,0.2836,5,27,32
3,0,0,0,2,0.42,0.4242,0.82,0.2985,2,9,11
4,0,0,0,2,0.42,0.4242,0.88,0.3582,-11.1,3,3
6,0,0,0,2,0.42,0.4242,0.94,0.3582,1,1,2
7,0,0,0,3,0.42,0.4242,1,0.4478,0,5,5
8,0,0,0,2,0.4,0.4091,11.9068,0.2985,1,8,9
9,0,0,0,2,0.42,0.4242,1,0.2836,4,-15.8789375,22
10,0,0,0,2,0.42,0.4242,1,0.2985,4,,31
11,0,0,0,2,3.4328,0.4242,1,0.2239,18,44,62
12,0,0,0,2,incons,0.4545,-7.178,incons,10,-15.8789375,79
13,0,0,,,0.46,0.4545,0.94,0.3582,22,83,incons
14,0,0,0,3,0.44,0.4394,1,0.2239,12,27,39
15,0,0,0,3,0.44,0.4394,1,0.2239,3,4,7
16,0,0,0,3,0.36,0.3333,1,0.2836,3,8,11
17,0,0,0,3,0.34,0.303,1,0.2985,2,23,25
18,0,incons,0,3,3.4328,0.2879,1,0.3582,0,23,23
19,0,-8.4625,0,3,-2.388,0.2576,1,0.4925,0,11,11
20,0,0,0,3,0.28,0.2424,1,0.4179,3,8,11
21,0,0,0,3,0.24,0.1818,0.93,0.6119,1,6,7
22,0,0,,2,,0.197,1,0.3881,0,10,10
23,0,0,0,2,0.22,5.2925,1,,0,incons,9
0,0,1,1,3,0.2,0.1818,1,0.3284,0,4,4
1,0,1,1,3,0.2,0.1818,1,-9.925,0,2,2
3,,1,1,1,0.2,0.1515,0.8,0.5821,0,incons,incons
4,0,1,1,,0.2,0.1515,0.8,0.5224,1,26.7273625,1
5,0,1,,1,0.2,0.1818,0.75,0.3582,0,1,1
6,0,1,1,3.5,incons,0.1818,0.75,-9.925,3,26.7273625,34
-6.625,,1,1,1,0.2,0.1667,0.75,0.4179,3,88,91
8,0,1,1,1,0.2,0.1818,0.75,0.3881,11,200,-22.3228125
9,0,1,17.07,1,0.22,5.2925,0.64,0.4627,,129,134
incons,-10.884125,incons,1,1,0.24,0.2121,0.6,0.2985,15,43,58
11,18.130475,1,1,1,-2.388,0.2121,0.48,0.4478,19,41,60
12,0,1,1,incons,0.3,0.2727,0.42,0.4179,28,68,96
13,0,1,1,1,0.32,0.2879,0.36,0.3881,16,54,70
14,0,1,17.07,1,0.32,0.2879,0.36,0.4179,incons,56,77
15,0,1,1,3.5,0.34,0.303,0.31,0.3881,32,64,96
16,0,1,1,1,0.34,0.303,11.9068,0.3582,,96,122
17,,1,1,1,-2.388,0.303,0.29,0.3582,27,206,233
18,0,,1,1,0.32,0.303,0.31,16.355,19,214,233
19,0,1,1,1,0.3,0.2879,0.33,0.2239,-11.1,134,145
20,18.130475,1,1,1,0.3,0.303,,0.1642,5,87,92
21,0,1,-10.45,1,0.28,0.2727,0.38,0.2239,1,53,54
incons,0,1,,1,0.26,0.2576,0.48,0.1642,1,34,35
23,0,-8.4625,1,,0.28,,0.48,0,,22,22
0,0,2,1,1,0.26,0.2879,incons,0.0896,1,9,10
1,,2,-10.45,1,0.24,0.2424,,0.1343,incons,4,4
2,0,2,1,1,0.24,0.2424,0.52,0.1343,1,0,1
3,0,2,1,1,0.24,0.2576,0.52,0.0896,5,2,7
4,0,2,-10.45,,0.22,0.2727,0.64,0,0,2,2
5,0,2,1,,0.2,0.2273,0.69,0.1045,2,8,10
6,0,2,17.07,1,0.2,0.2576,0.59,0,3,incons,
7,0,incons,1,1,0.18,0.197,0.64,incons,9,119,128
8,0,2,-7.45,incons,0.22,0.2273,0.55,0.194,10,247,257
9,0,2,1,1,-2.388,0.2576,0.41,0.1642,11,140,151
10,0,2,1,2,0.3,0.2879,0.33,0.194,25,46,71
11,,2,,2,0.36,0.3485,0.25,0.1642,26,52,78
12,0,2,incons,2,0.36,0.3788,0.23,0,incons,70,99
10.375,0,2,1,2,0.38,0.3939,0.25,0.1045,25,73,98
14,0,2,1,2,0.38,,0.2,0,incons,56,72
15,-10.884125,,1,2,0.36,5.2925,0.18,0,18.26,77,
16,0,2,1,1,0.38,0.3939,incons,0.1642,26,26.7273625,108
17,0,2,1,1,0.36,0.3485,0.27,0.2239,39,209,248
18,0,2,-10.45,1,0.34,5.2925,0.27,0.194,21,214,235
19,0,2,,1,0.34,0.3485,0.31,0.1045,9,141,150
20,0,2,1,1,0.32,0.3333,0.39,0.0896,2,incons,76
incons,,2,1,1,,0.2879,,0.194,7,68,75
22,,2,1,1,0.3,incons,0.49,0.2239,11,44,55
23,0,2,1,1,0.28,0.2727,0.61,incons,3,38,41
0,,3,1,1,0.26,0.2879,0.65,incons,0,9,9
1,,,1,incons,0.26,5.2925,0.52,-9.925,0,4,4
2,0,3,1,,0.26,0.2727,0.52,,1,1,2
3,0,3,1,-2.5,0.24,0.2576,0.7,0.0896,1,2,3
4,0,-8.4625,1,1,0.24,0.2576,0.75,0.1045,0,2,2
5,0,3,17.07,2,0.24,0.2424,0.81,0.1343,1,-15.8789375,8
6,0,3,1,2,0.24,0.2576,0.85,,5,44,37.3936875
,0,3,1,2,0.24,0.2424,0.87,0.1642,18,123,141
8,incons,3,1,2,0.24,0.2424,0.87,0.1343,11,238,incons
9,0,3,,2,incons,0.2424,0.87,incons,5,136,141
10,0,3,1,2,,-3.4875,0.75,incons,8,49,57
11,0,3,1,2,0.32,,incons,0.3881,15,44,59
12,0,3,1,2,3.4328,0.303,0.76,0.2537,14,,-22.3228125
13,0,3,1,2,0.32,0.2879,0.76,0.3582,17,82,99
14,0,3,1,2,0.34,0.303,0.76,16.355,10,61,71
15,0,3,1,2,0.36,0.3333,0.71,0.2985,15,64,incons
16,0,incons,1,2,0.34,0.303,0.76,0.3284,10,102,112
17,0,3,1,2,0.34,,0.76,0.2985,,176,194
18,0,3,1,2,0.34,0.3182,0.76,0.2537,12,176,188
19,0,3,1,2,incons,0.303,0.76,0.3284,11,123,134
20,0,,1,2,0.32,0.3182,0.87,0.194,4,87,91
-6.625,0,3,1,2,0.32,0.303,0.93,0.3284,10,52,62
22,,3,1,3,incons,0.3182,0.93,0.1642,4,17,21
23,0,3,1,3,0.34,0.3333,0.93,0.194,1,17,18
0,-10.884125,4,1,3,0.34,0.3182,0,0.2537,3,,3
1,0,4,1,3,0.34,0.3182,0,0.2537,0,2,2
2,0,4,1,3,0.34,0.3182,0,incons,0,1,1
5,0,4,1,3,0.36,0.3485,0,0.194,1,2,3
6,,4,17.07,3,0.36,0.3333,0,0.3284,0,12,12
7,0,4,1,3,0.38,0.3939,0,0.2239,1,36,incons
8,0,4,1,3,0.38,0.3939,incons,0.2836,incons,43,44
,,4,1,3,,0.4091,0,0.2239,1,23,24
,0,4,1,3,0.4,incons,11.9068,0.1642,0,17,17
11,-10.884125,4,-10.45,3,0.4,0.4091,0,0.2537,6,5,11
12,0,4,1,incons,0.42,0.4242,0,0.2239,4,30,34
13,0,4,,3,0.42,0.4242,,0.2239,-11.1,11,12
14,0,4,1,incons,0.44,0.4394,0,0.2985,0,12,12
,0,4,1,,0.44,,0,0.2239,incons,11,14
16,0,4,1,3,0.42,0.4242,0,0.2537,1,20,21
17,0,4,1,2,0.44,0.4394,0,0.3881,2,109,incons
18,0,4,1,3,0.44,0.4394,0,0.3582,2,80,-22.3228125
19,0,4,1,3,-2.388,0.4394,0,0.5821,5,51,56
20,0,4,1,3,0.36,0.3333,0,0.3284,9,29,38
21,0,4,1,3,0.36,,0,0.2239,1,27,28
22,0,4,1,2,0.34,0.3333,0,0.1343,incons,30,34
23,0,4,1,3,0.34,,0,-9.925,1,26,
0,0,5,1,2,0.34,0.3485,1,0.0896,0,-15.8789375,6
1,0,5,1,,0.34,0.3485,1,0.1045,0,8,8
2,0,,1,-2.5,0.34,-3.4875,1,0.1045,2,3,-22.3228125
3,0,5,1,2,0.32,,0.93,0.0896,0,2,incons
5,0,5,1,1,0.3,0.2879,0.81,0.2239,-11.1,6,7
6,0,5,-10.45,-2.5,0.26,0.2424,0.81,0.2836,1,31,
7,0,5,1,,0.26,0.2576,0.7,0.194,10,104,114
8,0,5,12.07,1,incons,0.2727,0.7,0.2537,15,244,259
incons,0,5,1,2,0.3,0.2879,0.61,0.2836,13,143,156
-6.625,0,5,-10.45,,0.32,0.303,incons,0.2985,18,60,78
11,0,5,1,2,0.32,0.303,0.57,0.2985,14,67,
12,0,5,1,2,0.34,0.3182,0.53,0.2537,15,96,-22.3228125
13,0,5,1,1,,0.3333,0.53,0.2537,15,26.7273625,-22.3228125
incons,0,incons,1,2,0.36,0.3333,0.5,0.3582,25,64,89
15,0,-8.4625,,2,0.34,0.3182,0.53,0.2537,21,64,85
16,18.130475,5,1,2,0.34,0.303,0.49,0.2985,18,95,113
17,0,5,1,1,incons,0.3182,0.49,0.2239,23,200,223
18,0,5,,1,0.32,0.303,0.49,0.3284,19,134,153
19,0,5,,3.5,0.3,0.2727,incons,0.3284,7,111,118
20,0,5,1,1,0.3,0.303,0.56,16.355,6,70,76
21,0,5,incons,2,0.3,incons,0.52,0.2537,10,43,53
22,0,5,1,1,0.3,0.303,0.52,0.1642,11,26.7273625,64
23,incons,5,17.07,,0.3,0.2879,0.52,0.2537,-11.1,34,37
0,0,6,0,1,0.26,0.2727,0.6,-9.925,,30,34
1,0,6,0,1,0.24,0.2273,0.65,0.194,3,15,18
2,,6,-7.45,1,0.24,0.2273,0.65,0.194,0,14,14
3,0,6,,incons,0.24,0.2273,0.65,0.2537,1,6,7
4,0,,0,1,0.24,0.2273,0.65,0.2537,18.26,1,1
5,0,6,0,1,0.22,0.2273,0.69,0.194,0,2,2
6,0,incons,0,1,0.22,0.2121,0.75,0.2537,2,2,4
7,0,6,0,1,0.24,0.2273,0.7,0.194,18.26,19,incons
,incons,6,-10.45,1,0.26,0.2576,0.65,16.355,9,44,
9,0,6,0,1,0.28,0.2879,0.65,0.1045,25,76,101
10,0,6,0,1,0.32,0.303,0.66,0.2239,21,,99
,0,6,0,1,0.34,0.303,0.49,0.3284,36,83,119
12,0,6,0,1,0.34,5.2925,0.53,0.2836,51,107,
,0,6,0,1,incons,0.3333,0.51,0.3582,62,95,157
14,0,6,0,3.5,0.4,,0.5,0.4478,70,96,166
,0,6,0,incons,0.42,0.4242,0.44,0.4925,81,101,182
16,,incons,0,1,0.46,0.4545,incons,16.355,100,144,244
17,0,6,,1,0.46,0.4545,0.44,0.3284,-11.1,114,213
18,0,6,0,1,3.4328,0.4242,11.9068,0.1642,54,91,145
incons,0,6,0,1,0.42,0.4242,0.54,0.0896,,86,112
20,0,6,0,1,0.4,0.4091,0.58,0.1045,22,64,
21,0,6,0,1,0.38,0.3939,0.62,0,36,46,82
22,0,6,0,1,0.36,0.3788,0.71,0,7,56,63
23,,6,0,-2.5,0.38,0.3939,0.66,0.0896,11,38,49
0,0,0,0,1,0.38,0.3939,0.62,0.1045,3,35,38
1,0,0,0,1,0.36,0.3485,0.66,0.1343,10,23,33
3,0,0,0,1,0.34,0.3333,incons,0.1343,6,17,23
4,0,0,0,1,0.34,0.3333,0.66,0.1642,4,9,incons
5,0,0,0,1,0.36,5.2925,,0.1343,incons,3,3
,0,0,0,1,0.34,0.3636,-4.178,0,0,2,2
7,0,0,0,1,0.36,0.3485,0.62,0.194,2,8,10
8,0,incons,0,1,0.4,0.4091,0.5,0.2985,11,23,34
,0,0,0,incons,0.4,0.4091,0.5,,8,36,44
10.375,0,0,-7.45,1,0.42,0.4242,0.47,16.355,36,86,incons
11,-10.884125,0,0,1,0.44,0.4394,0.41,0.4179,88,93,181
12,0,,0,1,0.46,0.4545,0.38,0.3881,74,120,194
13,0,0,,1,0.46,0.4545,0.38,,97,124,221
14,0,0,0,1,0.46,0.4545,0.41,16.355,144,incons,250
15,0,0,17.07,1,incons,0.4697,incons,0.3284,149,155,304
16,0,0,0,1,0.46,0.4545,0.41,0.3881,124,132,256
17,0,0,0,1,0.44,0.4394,0.41,0.3582,incons,143,241
18,0,0,0,1,0.4,0.4091,0.43,0.3582,55,92,147
19,0,0,0,1,0.36,0.3333,0.5,0.3582,28,73,101
20,0,0,0,1,0.32,0.303,0.57,0.2985,23,54,77
21,0,0,0,1,3.4328,0.2879,0.56,0.2537,9,49,37.3936875
22,0,0,0,1,0.3,0.2727,0.56,0.3284,8,29,37
23,0,0,0,1,,0.2576,0.65,0.2239,5,23,28
0,0,13.8775,1,1,0.26,0.2727,0.65,0.1045,4,7,11
1,0,1,1,1,0.26,0.2879,0.65,0.0896,0,1,1
2,0,1,1,1,0.26,5.2925,0.65,0.0896,0,1,1
3,0,1,1,1,0.26,0.2727,0.65,0.1343,0,3,3
5,0,1,1,1,0.24,0.2424,0.7,0.1343,,8,8
6,0,1,1,1,0.26,0.2727,0.65,0.1343,1,27,28
incons,0,1,1,2,0.28,5.2925,0.61,0,4,,88
8,0,1,1,2,0.3,5.2925,0.56,0.1343,24,217,241
9,0,1,1,1,0.32,0.303,0.53,0.3284,13,127,140
10,0,1,12.07,1,0.34,0.3182,0.42,0.2537,-11.1,57,84
11,0,1,1,1,incons,0.3333,0.4,0.2537,26,45,71
12,0,1,1,1,0.38,0.3939,0.37,0,40,54,94
13,0,1,12.07,1,0.38,0.3939,0.36,0.3284,24,51,75
,0,1,1,2,incons,,0.34,0,27,52,79
15,0,1,17.07,1,0.38,0.3939,incons,0.1642,24,-15.8789375,101
16,0,1,1,1,0.4,0.4091,0.35,0.1045,27,80,107
17,0,1,1,3.5,0.38,5.2925,0.4,0.194,42,229,271
-6.625,0,1,1,1,0.36,0.3636,0.4,0.1045,25,210,235
19,incons,1,1,1,0.36,0.3485,0.43,0.1343,17,133,150
20,,1,-10.45,incons,0.34,0.3182,0.46,0.2239,23,106,129
21,0,1,1,1,0.34,0.3333,0.46,0.1343,5,58,63
22,0,1,1,1,0.32,0.3333,0.49,0.1045,4,43,47
23,0,1,1,1,0.32,0.3485,0.53,-9.925,incons,,19
0,0,2,1,1,0.32,0.3485,0.53,0,7,7,14
1,0,2,1,1,3.4328,0.303,,0.0896,4,6,10
2,0,,1,1,0.3,incons,0.62,0.0896,1,2,3
4,0,2,1,1,0.24,-3.4875,0.75,0.0896,1,1,2
5,0,2,,1,0.24,0.2273,0.75,0.194,0,11,11
6,0,2,1,-2.5,0.22,0.2273,,-9.925,18.26,32,35
7,0,2,1,1,0.24,0.2424,0.75,0.1642,10,109,incons
8,0,2,1,1,0.26,0.2879,0.7,0.0896,,259,282
9,0,2,1,2,0.3,0.3333,0.7,0,10,147,157
10,0,2,1,2,0.32,0.3182,,0.194,22,56,78
11,0,2,17.07,2,0.34,0.3182,0.57,0.2239,27,51,-22.3228125
12,0,2,1,2,0.36,0.3485,0.5,0.2239,32,70,102
13,0,2,1,2,0.36,0.3333,0.57,0.2836,23,74,97
14,0,2,17.07,2,0.38,0.3939,incons,0.2985,14,incons,88
15,0,2,1,2,0.38,0.3939,0.43,0.2836,24,66,90
16,0,2,-10.45,2,3.4328,0.3939,0.46,,21,93,114
17,0,2,1,2,incons,0.3485,0.62,0.194,incons,,
18,0,2,1,2,incons,0.3333,0.62,0.2985,18,207,225
19,incons,2,1,2,0.34,0.3182,0.71,0.2836,14,138,152
20,0,,1,2,-2.388,0.3182,0.71,0.2836,9,79,88
21,0,2,1,3.5,0.32,0.3333,0.81,0.1045,2,53,55
incons,0,2,1,2,0.32,0.3182,6.9068,0.1642,1,20,21
23,0,2,1,2,0.32,-3.4875,0.87,0.1642,1,17,18
0,0,3,1,3,0.3,0.2879,0.93,0.2537,0,26.7273625,-22.3228125
1,0,3,1,3,0.3,0.2727,1,0.2985,incons,2,incons
3,0,3,,2,0.28,-3.4875,incons,0.2239,1,2,
4,0,3,1,2,0.3,0.303,0.93,0.1642,0,-15.8789375,1
5,0,3,1,2,0.3,0.3182,0.93,0.1045,0,3,37.3936875
6,0,3,1,2,0.3,0.3182,0.93,0.1045,incons,30,31
7,0,3,1,2,0.3,0.2879,0.93,0.194,incons,101,111
8,0,,1,2,0.32,0.3182,11.9068,0,26,227,253
-6.625,0,incons,1,2,0.32,0.3333,0.93,0.1343,10,144,incons
10,0,3,1,2,incons,0.3485,0.81,0.1642,19,49,68
11,0,13.8775,1,incons,,0.3485,0.81,0.1343,13,,75
12,0,3,17.07,2,0.4,0.4091,0.71,0.1045,23,65,88
13,0,3,1,2,0.4,0.4091,0.76,0.1343,18,81,99
14,0,3,1,2,0.4,0.4091,0.76,0.2239,33,67,100
15,0,3,1,2,0.4,0.4091,,0.2537,22,79,101
16,0,3,,2,0.4,0.4091,0.76,0.1642,30,26.7273625,151
17,0,3,17.07,2,0.44,0.4394,0.54,0.2985,37,216,253
,0,3,1,2,0.44,0.4394,0.54,0.2239,,211,237
19,0,3,1,2,3.4328,0.4394,0.51,-9.925,18,150,168
20,0,incons,1,2,0.42,0.4242,0.54,0.2985,18.26,111,121
21,0,3,1,2,0.42,0.4242,0.58,0.2836,3,75,78
22,0,incons,1,2,0.4,0.4091,0.62,0.3881,11,48,59
23,0,3,1,1,,0.4091,incons,16.355,9,18,incons
0,0,4,1,incons,0.38,0.3939,0.66,0.2537,4,19,23
1,0,4,1,1,0.36,-3.4875,0.71,0.2239,1,-15.8789375,12
10.375,0,4,1,1,0.34,0.303,0.71,0.2985,3,5,8
3,0,4,1,1,0.34,0.3333,0.66,0.1642,1,,2
incons,0,4,1,incons,0.34,5.2925,0.71,0.194,0,3,3
5,0,13.8775,1,1,0.32,0.3333,0.76,0.1045,0,13,13
6,0,4,1,1,0.32,0.3182,0.76,0.194,,incons,51
7,0,4,1,incons,0.32,incons,incons,0.1343,12,128,140
8,0,4,1,1,0.36,0.3485,0.66,0.1343,17,282,299
9,0,4,1,1,0.4,0.4091,0.62,0.2537,23,162,185
10,0,4,1,1,0.44,0.4394,0.54,0.3284,9,69,78
11,0,4,incons,1,0.44,0.4394,0.54,0.2836,20,66,86
12,0,4,1,1,0.5,,0.45,,24,81,105
13,0,4,1,2,0.52,0.5,0.42,0.0896,26,85,111
14,-10.884125,4,1,1,0.5,0.4848,0.45,0.1045,32,87,119
15,0,4,1,1,0.52,0.5,0.42,0.2537,30,95,125
16,0,4,1,1,0.5,0.4848,0.48,,34,108,142
17,0,4,1,1,0.5,0.4848,0.42,0.194,48,265,313
18,0,4,1,2,0.46,0.4545,0.59,0.1642,50,260,310
19,0,4,1,1,0.44,0.4394,0.58,0.194,18,189,207
20,0,4,1,1,,0.4242,0.67,0.2239,25,112,137
21,0,4,1,1,0.42,0.4242,0.62,0.2239,19,119,138
22,0,4,1,1,,0.4091,0.66,0.2239,17,70,87
23,0,4,1,,0.42,0.4242,0.62,,7,43,50
0,0,5,1,1,0.42,0.4242,0.58,0.2836,5,24,29
incons,0,5,1,-2.5,0.4,0.4091,,0.2537,4,12,16
,0,5,1,1,0.4,0.4091,0.62,0.194,5,9,14
3,0,13.8775,1,1,0.36,0.3485,0.71,0.194,1,4,5
5,0,5,1,-2.5,0.38,0.3939,0.66,0.1642,2,8,10
6,0,5,1,1,0.4,0.4091,0.66,0.194,incons,-15.8789375,36
7,0,5,-10.45,1,0.4,0.4091,0.66,0.194,11,112,123
8,0,5,1,1,0.42,incons,0.67,0.2537,24,,280
9,,5,1,1,0.46,0.4545,0.63,0.2239,18,192,210
10,0,5,1,1,0.52,0.5,0.53,0.2836,43,74,117
11,0,5,12.07,1,0.54,0.5152,-7.178,0.2836,-11.1,104,159
12,0,5,1,incons,0.56,,0.49,0.3582,72,123,-22.3228125
13,,5,1,1,0.64,0.6212,0.41,0.2836,57,118,37.3936875
14,0,5,1,1,0.66,0.6212,0.39,0.2537,71,,174
15,0,5,1,-2.5,0.68,0.6364,incons,0.3582,62,111,
16,18.130475,5,1,,0.68,0.6364,0.39,0.2836,67,137,204
17,0,5,1,1,0.7,0.6364,0.37,0.3284,95,237,332
18,0,5,incons,1,incons,0.6364,0.39,0.1642,84,incons,331
19,0,5,1,1,incons,0.6212,0.44,-9.925,58,132,190
20,0,5,1,incons,0.62,0.6212,0.46,0.1343,46,103,149
21,0,5,1,-2.5,0.62,0.6212,0.46,,22,91,113
incons,0,5,1,1,0.62,0.6212,0.5,16.355,55,63,incons
10.375,0,5,1,2,0.6,0.6212,11.9068,incons,26,60,86
0,0,6,17.07,2,0.6,0.6212,0.53,-9.925,26,50,76
1,0,13.8775,,2,incons,0.5455,0.46,0.3582,16,35,51
2,0,6,,2,0.56,0.5303,0.43,0.2239,5,20,25
,0,incons,0,3.5,0.54,0.5152,0.39,0.3284,incons,7,8
incons,0,6,incons,1,0.52,0.5,-7.178,0.4179,1,2,3
5,0,6,0,1,-2.388,0.5,0.34,0.4179,0,2,2
,0,6,0,,0.44,0.4394,0.44,0.4179,,10,10
10.375,0,6,0,1,0.4,0.4091,,0.3284,4,9,13
8,0,6,0,1,0.42,0.4242,0.47,0.4925,11,37,incons
9,0,13.8775,0,1,0.42,0.4242,0.44,0.4627,35,41,76
10,0,6,0,1,0.44,0.4394,0.38,-9.925,incons,85,140
11,0,6,0,1,0.46,0.4545,0.36,0.4478,90,106,196
10.375,18.130475,6,0,1,0.46,0.4545,0.33,0.4179,126,-15.8789375,267
13,0,6,0,1,0.5,0.4848,0.34,0.4627,174,127,301
14,0,,0,1,0.5,0.4848,0.31,0.4925,168,incons,312
15,0,6,0,1,0.5,0.4848,0.29,0.4179,170,143,313
16,0,6,0,1,3.4328,,0.31,0.3881,175,129,304
17,0,incons,-7.45,1,,0.4697,,0.3284,138,140,278
incons,0,6,0,1,0.46,0.4545,0.31,0.3284,92,26.7273625,217
19,0,incons,0,1,0.44,0.4394,0.33,,38,116,154
20,0,6,0,1,0.42,0.4242,0.35,0.2239,39,69,108
21,0,6,0,1,0.4,0.4091,0.37,0.2985,20,73,93
22,0,,0,3.5,0.4,0.4091,0.37,0.3284,27,45,72
20.375,0,6,0,1,incons,0.3939,0.4,0.2985,incons,37,50
0,0,0,0,incons,0.34,0.303,0.49,0.4179,7,33,incons
1,0,0,0,1,0.32,0.2879,0.53,0.3582,2,22,24
2,0,0,0,1,0.3,0.2879,,0.2836,6,24,30
3,0,-8.4625,0,3.5,0.28,0.2727,0.56,0.2537,1,11,12
4,0,0,0,1,0.26,0.2576,0.56,0.2239,2,1,3
5,-10.884125,incons,0,1,0.26,0.2576,0.6,0.194,3,6,9
6,18.130475,0,12.07,1,0.26,0.2576,0.6,0.2239,1,3,4
7,0,0,0,1,0.24,0.2273,0.6,0.2239,5,9,14
,0,0,0,1,0.28,0.2727,incons,0.1642,7,30,37
9,0,0,0,1,-2.388,0.303,0.52,-9.925,35,43,78
10,0,13.8775,0,2,0.32,0.3485,0.45,0,55,incons,136
11,0,0,0,1,0.34,0.3485,11.9068,0.1045,92,incons,203
12,0,0,0,1,incons,0.3636,0.4,incons,120,108,-22.3228125
13,0,0,0,1,0.38,0.3939,0.34,0,88,115,203
14,0,0,0,1,0.4,0.4091,0.3,0,145,134,279
15,0,0,0,1,0.4,,0.32,0.0896,172,136,308
16,0,0,0,3.5,0.42,0.4242,0.32,0,92,132,224
17,0,incons,0,1,0.4,0.4091,0.35,0.2836,83,143,
20.375,incons,0,0,1,0.38,0.3939,,incons,,98,156
19,0,0,0,1,0.36,0.3333,0.43,0.2836,21,58,79
20,0,,0,1,0.36,incons,0.46,0.2836,18.26,46,37.3936875
21,0,0,0,2,0.34,0.3182,11.9068,0.2836,10,39,49
10.375,0,0,0,2,0.34,0.303,0.53,0.3284,8,30,38
23,0,0,0,3,0.34,0.303,0.61,0.3881,,11,24
