atemp,casual,cnt,holiday,hr,hum,registered,temp,weathersit,weekday,windspeed,workingday
0.2879,18.259999999999998,16.0,0.0,0.0,0.81,13.0,0.24,1.0,6.0,0.0,0.0
0.2727,8.0,40.0,0.0,1.0,0.8,32.0,0.22,1.0,6.0,0.0,
0.2727,5.0,32.0,0.0,2.0,0.8,27.0,0.22,1.0,6.0,0.0,0.0
0.2879,,13.0,0.0,3.0,0.75,10.0,0.24,1.0,13.8775,0.0,0.0
0.2576,0.0,1.0,0.0,5.0,0.75,1.0,0.24,2.0,,0.0,0.0
0.2727,2.0,2.0,0.0,,0.8,0.0,0.22,1.0,6.0,0.0896,0.0
0.2576,1.0,3.0,,7.0,0.86,26.727362499999998,0.2,1.0,6.0,,0.0
0.3485,8.0,14.0,0.0,9.0,0.76,7.0,0.24,3.5,6.0,0.0,0.0
0.3333,26.0,56.0,0.0,11.0,0.76,,0.32,1.0,6.0,0.0,0.0
0.4545,35.0,106.0,,13.0,0.77,30.0,0.36,1.0,6.0,0.0,0.0
0.4394,40.0,110.0,0.0,14.0,0.72,55.0,0.42,1.0,6.0,0.2537,0.0
5.2925,41.0,93.0,0.0,15.0,0.72,47.0,0.46,2.0,6.0,0.2836,-10.450000000000001
,,67.0,0.0,,0.77,,0.46,2.0,6.0,0.2836,0.0
0.4242,9.0,35.0,0.0,17.0,0.82,70.0,0.44,2.0,6.0,0.2985,0.0
0.4242,6.0,37.0,0.0,18.0,0.82,52.0,0.42,,6.0,0.2836,0.0
0.4091,11.0,,0.0,19.0,0.88,52.0,0.44,2.0,6.0,0.2985,0.0
0.4091,3.0,34.0,0.0,20.0,,26.0,,3.0,6.0,-9.925,0.0
0.4091,11.0,28.0,18.130475,21.0,0.87,31.0,0.42,3.0,6.0,0.2836,0.0
0.4545,2.0,9.0,0.0,1.0,,,0.4,2.0,-8.462499999999999,0.2537,0.0
0.4545,2.0,6.0,0.0,2.0,0.88,24.0,0.46,2.0,6.0,0.2537,0.0
5.2925,0.0,3.0,0.0,3.0,0.94,13.0,0.46,2.0,6.0,0.194,0.0
0.4091,0.0,2.0,0.0,4.0,1.0,16.0,0.44,2.0,0.0,0.2239,0.0
0.4091,0.0,1.0,0.0,6.0,0.94,8.0,0.42,2.0,0.0,0.2985,0.0
0.3939,,8.0,0.0,7.0,0.94,4.0,0.46,2.0,0.0,0.2985,0.0
0.3485,7.0,20.0,0.0,,0.77,1.0,0.46,2.0,0.0,0.2537,0.0
0.3485,11.0,70.0,0.0,10.0,0.71,,0.4,2.0,0.0,0.2836,-7.45
0.3485,4.0,93.0,0.0,11.0,0.76,26.727362499999998,0.4,3.0,0.0,0.194,0.0
0.3333,9.0,59.0,0.0,13.0,-4.177999999999999,,0.36,-2.5,0.0,0.2985,0.0
0.3333,10.0,76.0,0.0,15.0,0.66,73.0,0.36,2.0,0.0,0.2239,0.0
0.2879,-11.1,65.0,0.0,16.0,,26.727362499999998,0.36,2.0,0.0,0.2239,0.0
0.2727,-11.1,37.3936875,,17.0,0.81,55.0,0.36,3.0,0.0,0.2239,0.0
0.2273,11.0,,0.0,18.0,0.71,55.0,0.34,3.0,0.0,0.2537,0.0
0.2273,0.0,22.0,0.0,19.0,0.57,67.0,0.34,3.0,0.0,0.2985,
0.197,0.0,31.0,0.0,20.0,0.46,,0.34,1.0,0.0,0.1343,0.0
0.1667,0.0,9.0,18.130475,21.0,,43.0,0.36,2.0,0.0,0.194,
0.1364,0.0,8.0,0.0,22.0,0.39,29.0,0.32,1.0,0.0,0.1642,0.0
0.1364,0.0,5.0,0.0,23.0,0.44,17.0,3.4328000000000003,1.0,0.0,0.1642,0.0
0.1061,0.0,2.0,0.0,0.0,0.44,20.0,0.26,1.0,0.0,0.194,
,1.0,3.0,0.0,,0.44,8.0,0.22,3.5,0.0,0.4478,0.0
0.1364,7.0,30.0,0.0,5.0,0.44,5.0,0.22,1.0,0.0,,0.0
0.2121,,154.0,0.0,7.0,0.47,1.0,0.2,,0.0,0.3284,0.0
0.2121,8.0,88.0,0.0,8.0,0.5,3.0,0.16,1.0,1.0,0.2985,0.0
0.2424,11.0,44.0,0.0,9.0,0.5,26.727362499999998,,1.0,1.0,0.1642,0.0
0.2424,14.0,51.0,0.0,10.0,0.5,63.0,0.14,1.0,1.0,0.3582,0.0
0.2424,9.0,61.0,0.0,11.0,0.43,153.0,3.4328000000000003,1.0,1.0,0.4179,1.0
,9.0,-22.322812499999998,18.130475,13.0,0.4,33.0,0.16,1.0,1.0,0.3881,1.0
0.2576,8.0,72.0,0.0,14.0,0.35,41.0,0.18,1.0,1.0,,1.0
0.1515,0.0,,0.0,15.0,0.35,48.0,-2.388,-2.5,13.8775,0.3881,-10.450000000000001
0.2121,1.0,110.0,0.0,16.0,0.3,53.0,0.22,1.0,1.0,0.194,1.0
0.1818,0.0,37.3936875,0.0,17.0,11.9068,66.0,0.24,1.0,1.0,,1.0
0.1515,18.259999999999998,20.0,0.0,18.0,0.3,58.0,0.26,1.0,1.0,0.3881,1.0
0.1515,,5.0,0.0,20.0,0.32,146.0,0.26,1.0,1.0,0.2537,1.0
0.1515,2.0,1.0,0.0,21.0,,148.0,0.24,1.0,1.0,0.3284,1.0
0.1515,2.0,2.0,0.0,22.0,0.47,102.0,0.24,1.0,1.0,0.2985,1.0
0.1515,2.0,4.0,0.0,23.0,0.64,49.0,3.4328000000000003,1.0,1.0,0.2836,1.0
-3.4875,7.0,94.0,0.0,1.0,0.55,20.0,0.18,1.0,1.0,0.2836,1.0
0.2273,12.0,179.0,0.0,,0.55,11.0,0.14,1.0,,0.2537,1.0
0.2727,17.0,57.0,,-12.625,0.63,2.0,0.16,1.0,13.8775,0.2239,1.0
-3.4875,15.0,78.0,18.130475,6.0,0.63,1.0,0.16,-2.5,1.0,0.1045,1.0
0.2576,2.0,-22.322812499999998,0.0,9.0,0.74,36.0,0.12,1.0,2.0,0.1045,1.0
0.2576,1.0,-22.322812499999998,0.0,10.0,0.69,92.0,0.12,1.0,2.0,0.1343,1.0
,0.0,212.0,0.0,11.0,0.64,177.0,0.12,1.0,2.0,0.1343,1.0
0.2576,1.0,182.0,0.0,12.0,0.69,98.0,,1.0,2.0,-9.925,1.0
0.2273,2.0,112.0,0.0,13.0,0.51,37.0,0.16,1.0,2.0,0.1045,
0.2576,0.0,54.0,0.0,-6.625,0.51,-15.878937499999997,0.16,2.0,2.0,0.1045,1.0
0.197,0.0,48.0,0.0,10.375,0.56,66.0,0.22,1.0,2.0,0.1343,1.0
0.2273,0.0,6.0,0.0,18.0,0.49,48.0,0.26,1.0,2.0,0.0896,1.0
0.1818,1.0,6.0,0.0,19.0,0.48,68.0,0.28,1.0,2.0,0.1045,1.0
0.1818,-11.1,2.0,0.0,20.0,0.48,202.0,0.3,1.0,2.0,0.1045,
0.197,6.0,2.0,0.0,21.0,0.48,179.0,0.28,1.0,2.0,0.1343,1.0
0.2273,12.0,33.0,0.0,22.0,0.48,110.0,0.26,1.0,-8.462499999999999,0.1642,-10.450000000000001
0.2273,5.0,88.0,0.0,23.0,0.64,53.0,0.24,1.0,2.0,0.2239,1.0
0.2576,6.0,-22.322812499999998,0.0,0.0,,48.0,0.24,1.0,2.0,0.3284,1.0
0.2879,7.0,115.0,0.0,1.0,0.69,34.0,0.22,1.0,2.0,0.2985,1.0
0.3182,4.0,57.0,0.0,2.0,,9.0,0.22,1.0,2.0,0.1642,1.0
0.2273,4.0,46.0,0.0,4.0,0.74,6.0,0.2,1.0,2.0,0.194,1.0
0.2424,3.0,79.0,0.0,5.0,0.74,,0.2,1.0,2.0,0.2239,1.0
0.2576,-11.1,71.0,0.0,6.0,0.48,2.0,0.16,1.0,2.0,0.2537,1.0
0.197,3.0,62.0,0.0,7.0,0.47,2.0,0.16,1.0,2.0,0.2537,1.0
0.2576,1.0,89.0,0.0,-6.625,0.43,33.0,0.22,1.0,2.0,0.194,
0.2424,0.0,190.0,0.0,-12.625,0.4,87.0,0.2,1.0,3.0,0.1045,1.0
0.2273,0.0,37.3936875,0.0,12.0,0.37,109.0,0.18,1.0,3.0,0.1045,1.0
0.1818,0.0,89.0,0.0,13.0,0.33,53.0,0.2,1.0,3.0,0.0,1.0
0.2273,0.0,42.0,0.0,15.0,0.3,34.0,0.22,1.0,3.0,0.0896,1.0
0.2273,3.0,19.0,0.0,16.0,0.28,74.0,3.4328000000000003,1.0,3.0,0.0896,1.0
0.2424,6.0,11.0,0.0,17.0,0.28,65.0,0.26,1.0,-8.462499999999999,0.0,1.0
0.2576,3.0,4.0,0.0,18.0,0.28,52.0,0.26,1.0,13.8775,0.0896,1.0
0.2879,6.0,2.0,0.0,19.0,0.38,55.0,0.28,1.0,3.0,0.0896,1.0
-3.4875,8.0,36.0,0.0,21.0,0.38,186.0,0.3,3.5,3.0,0.2239,1.0
0.2576,12.0,95.0,0.0,22.0,0.47,,0.3,1.0,3.0,0.1642,1.0
,9.0,219.0,0.0,23.0,0.51,127.0,0.24,1.0,3.0,0.2239,1.0
0.2273,5.0,122.0,-10.884125000000001,0.0,0.55,82.0,0.24,1.0,3.0,0.194,1.0
0.2121,0.0,84.0,0.0,2.0,0.47,40.0,0.24,1.0,3.0,0.2985,1.0
0.2121,1.0,67.0,0.0,4.0,0.55,41.0,0.22,1.0,3.0,0.3284,1.0
5.2925,4.0,70.0,0.0,,0.64,18.0,0.2,1.0,3.0,-9.925,1.0
0.197,-11.1,62.0,0.0,6.0,0.64,11.0,0.18,1.0,3.0,0.3284,1.0
,0.0,86.0,0.0,,0.64,4.0,0.2,1.0,3.0,0.3284,1.0
0.2121,0.0,172.0,0.0,8.0,0.69,2.0,0.18,1.0,3.0,0.2985,1.0
0.2727,0.0,163.0,0.0,9.0,0.63,1.0,3.4328000000000003,1.0,13.8775,0.194,1.0
0.2576,8.0,112.0,,10.0,0.59,4.0,0.16,1.0,3.0,-9.925,1.0
0.2121,8.0,69.0,0.0,11.0,0.59,36.0,0.16,2.0,3.0,0.0896,1.0
0.197,20.0,48.0,0.0,12.0,0.51,95.0,0.14,2.0,3.0,0.194,1.0
0.197,16.0,52.0,0.0,13.0,0.47,216.0,0.14,2.0,3.0,0.1343,-7.45
0.197,19.0,23.0,,14.0,0.44,116.0,0.16,2.0,4.0,0.1045,1.0
0.197,9.0,17.0,0.0,15.0,0.35,42.0,0.16,1.0,4.0,0.1642,1.0
0.1818,9.0,7.0,0.0,16.0,0.35,57.0,0.18,2.0,4.0,0.194,1.0
0.197,7.0,1.0,0.0,17.0,0.36,,0.2,1.0,4.0,0.1343,
0.2121,9.0,1.0,0.0,18.0,0.36,55.0,0.22,1.0,4.0,0.0,1.0
0.2121,5.0,5.0,0.0,19.0,0.38,59.0,0.26,1.0,13.8775,0.0,1.0
0.197,3.0,210.0,0.0,22.0,0.51,74.0,0.28,1.0,4.0,0.0,1.0
0.2121,1.0,-22.322812499999998,0.0,-6.625,0.55,163.0,0.28,1.0,4.0,0.0,1.0
0.197,0.0,-22.322812499999998,0.0,0.0,0.51,158.0,0.26,1.0,13.8775,0.0896,1.0
0.197,1.0,73.0,0.0,2.0,0.51,66.0,0.22,1.0,,0.0896,1.0
0.2121,1.0,50.0,0.0,4.0,0.59,48.0,-2.388,1.0,13.8775,,1.0
0.197,0.0,72.0,0.0,5.0,0.64,51.0,0.2,1.0,4.0,0.0,1.0
0.197,0.0,87.0,0.0,6.0,0.69,19.0,0.22,1.0,,0.0,1.0
0.1818,1.0,187.0,,7.0,0.69,-15.878937499999997,0.22,2.0,4.0,0.0,1.0
0.1818,0.0,123.0,0.0,8.0,0.69,5.0,0.2,2.0,4.0,0.0,1.0
0.1818,0.0,95.0,0.0,9.0,0.55,1.0,0.2,2.0,4.0,0.0896,1.0
0.197,5.0,51.0,0.0,10.0,0.69,-15.878937499999997,,2.0,4.0,0.0,1.0
0.1818,2.0,39.0,0.0,11.0,0.69,5.0,0.2,2.0,4.0,0.1045,1.0
0.1818,7.0,15.0,0.0,13.0,0.51,26.0,0.2,2.0,4.0,0.1642,1.0
0.1667,12.0,-22.322812499999998,0.0,14.0,11.9068,76.0,0.22,2.0,4.0,0.0,1.0
0.1667,5.0,16.0,0.0,15.0,0.37,190.0,0.2,3.0,4.0,0.1642,1.0
0.1364,8.0,16.0,0.0,16.0,0.4,125.0,0.2,2.0,4.0,0.1642,1.0
0.1212,5.0,7.0,0.0,17.0,0.37,47.0,0.2,,4.0,0.1343,1.0
0.1212,3.0,1.0,0.0,18.0,0.37,48.0,0.2,1.0,5.0,0.0896,1.0
0.1061,2.0,2.0,0.0,19.0,0.4,50.0,0.22,1.0,5.0,0.1642,1.0
0.0606,0.0,15.0,0.0,20.0,0.37,64.0,0.2,,,0.2239,1.0
0.0606,0.0,61.0,0.0,-12.625,0.37,43.0,0.2,2.0,5.0,0.2836,-7.45
,0.0,62.0,0.0,22.0,0.37,63.0,0.2,2.0,5.0,,1.0
0.0758,0.0,-22.322812499999998,0.0,23.0,0.4,82.0,0.2,2.0,5.0,0.194,1.0
0.0909,0.0,102.0,0.0,0.0,0.55,178.0,3.4328000000000003,2.0,5.0,0.2239,1.0
0.0909,0.0,95.0,0.0,1.0,0.47,116.0,0.2,2.0,5.0,0.2239,1.0
0.0909,0.0,74.0,0.0,2.0,0.47,92.0,0.2,2.0,5.0,0.1343,1.0
0.0909,1.0,76.0,0.0,3.0,0.43,50.0,0.2,2.0,5.0,0.0,1.0
0.0909,0.0,69.0,18.130475,4.0,-7.178000000000001,39.0,0.16,1.0,5.0,0.0,1.0
0.1212,2.0,28.0,0.0,7.0,0.55,14.0,0.18,1.0,5.0,0.1343,1.0
0.1364,,37.0,0.0,8.0,0.55,,0.18,1.0,,0.2537,1.0
0.1667,6.0,34.0,0.0,9.0,0.55,15.0,3.4328000000000003,2.0,5.0,0.2985,1.0
0.1818,8.0,22.0,0.0,10.0,0.74,13.0,0.18,-2.5,,0.3284,1.0
,5.0,-22.322812499999998,,,0.74,7.0,0.18,2.0,5.0,0.2239,1.0
0.1667,,12.0,0.0,12.0,0.74,1.0,0.18,2.0,5.0,0.2537,1.0
0.1515,3.0,11.0,0.0,,0.93,5.0,,2.0,,0.2836,1.0
0.1364,4.0,4.0,0.0,14.0,0.93,2.0,0.18,3.0,5.0,0.2537,1.0
0.1364,,1.0,0.0,15.0,0.8,8.0,0.16,3.0,5.0,0.1642,1.0
0.1212,0.0,1.0,0.0,16.0,11.9068,15.0,0.16,2.0,5.0,0.1642,1.0
0.1061,1.0,1.0,0.0,17.0,0.59,20.0,0.16,2.0,5.0,0.0,1.0
0.1212,5.0,6.0,0.0,18.0,0.44,56.0,0.16,2.0,5.0,0.0896,1.0
0.1364,0.0,10.0,-10.884125000000001,19.0,0.32,60.0,0.16,3.0,6.0,0.0896,1.0
0.1212,2.0,19.0,0.0,,0.32,90.0,0.18,3.0,6.0,0.1045,1.0
0.1212,1.0,49.0,-10.884125000000001,21.0,0.29,95.0,0.2,2.0,6.0,0.1343,1.0
0.1212,0.0,49.0,0.0,22.0,0.37,83.0,0.2,2.0,,0.1642,1.0
0.1212,1.0,83.0,0.0,23.0,0.39,26.727362499999998,0.2,2.0,6.0,0.1642,1.0
,0.0,-22.322812499999998,,0.0,0.36,68.0,0.2,1.0,13.8775,0.1642,1.0
-3.4875,0.0,72.0,0.0,1.0,0.36,64.0,0.2,1.0,,,1.0
,4.0,92.0,0.0,3.0,0.36,-15.878937499999997,,-2.5,6.0,0.0,0.0
0.1212,2.0,62.0,0.0,4.0,0.39,28.0,0.14,1.0,6.0,0.1642,0.0
0.1212,0.0,48.0,0.0,5.0,0.42,35.0,0.14,1.0,6.0,16.355,0.0
0.1364,2.0,41.0,0.0,6.0,0.42,33.0,,1.0,6.0,0.1642,0.0
0.1818,5.0,38.0,0.0,7.0,0.46,22.0,0.12,1.0,6.0,-9.925,0.0
0.2273,-11.1,5.0,0.0,11.0,0.53,11.0,0.1,1.0,6.0,16.355,0.0
,1.0,1.0,0.0,12.0,0.49,4.0,0.1,,6.0,0.1045,0.0
0.1667,1.0,1.0,0.0,14.0,0.49,1.0,,1.0,6.0,,0.0
0.1364,1.0,,,15.0,0.46,1.0,0.08,1.0,6.0,0.3881,0.0
0.1515,2.0,3.0,0.0,16.0,0.43,5.0,0.08,1.0,6.0,0.3582,0.0
0.1667,2.0,77.0,0.0,17.0,0.4,10.0,0.1,1.0,6.0,0.3284,0.0
0.1515,0.0,188.0,0.0,18.0,,19.0,0.08,1.0,6.0,0.4925,0.0
0.1818,0.0,30.0,0.0,20.0,0.32,47.0,0.12,1.0,6.0,0.4478,0.0
0.2273,2.0,52.0,0.0,21.0,0.35,-15.878937499999997,0.14,1.0,6.0,0.4478,0.0
0.197,3.0,47.0,0.0,23.0,0.37,64.0,0.18,1.0,0.0,-9.925,0.0
5.2925,3.0,45.0,0.0,0.0,-7.178000000000001,77.0,0.2,1.0,0.0,0.2537,0.0
0.2121,4.0,74.0,0.0,1.0,0.43,79.0,0.22,1.0,0.0,0.2537,0.0
0.2273,2.0,178.0,0.0,2.0,0.46,59.0,0.22,1.0,0.0,0.3582,-10.450000000000001
0.2273,-11.1,155.0,0.0,3.0,0.46,44.0,0.2,,13.8775,,0.0
0.2273,3.0,95.0,0.0,4.0,0.46,40.0,0.18,1.0,0.0,0.4478,0.0
0.197,2.0,74.0,0.0,5.0,0.5,38.0,0.16,1.0,0.0,0.3881,0.0
0.1515,4.0,38.0,-10.884125000000001,6.0,0.5,19.0,0.16,1.0,0.0,0.4627,0.0
0.1515,6.0,24.0,0.0,7.0,0.5,10.0,0.14,3.5,0.0,0.4627,0.0
0.2273,0.0,12.0,0.0,9.0,0.5,,3.4328000000000003,1.0,0.0,0.4179,12.07
0.197,0.0,3.0,0.0,11.0,0.54,0.0,0.12,1.0,0.0,0.194,0.0
0.1818,1.0,6.0,0.0,12.0,0.5,3.0,0.12,-2.5,,0.194,0.0
0.197,1.0,27.0,0.0,10.375,0.5,1.0,0.12,,0.0,0.2836,
0.197,0.0,,0.0,14.0,0.5,2.0,0.12,1.0,-8.462499999999999,0.194,0.0
0.1515,0.0,54.0,0.0,17.0,0.5,31.0,,1.0,0.0,0.2836,0.0
0.1515,0.0,35.0,18.130475,,0.47,75.0,0.1,1.0,0.0,0.5224,0.0
0.1667,3.0,52.0,0.0,20.0,0.4,92.0,0.1,1.0,0.0,,0.0
,3.0,63.0,0.0,21.0,0.4,31.0,0.12,1.0,0.0,,0.0
0.1818,0.0,47.0,0.0,22.0,0.4,28.0,,1.0,0.0,0.4478,0.0
0.1515,3.0,136.0,0.0,0.0,0.4,47.0,0.12,1.0,0.0,0.4478,0.0
0.1818,0.0,51.0,0.0,1.0,0.4,50.0,0.14,-2.5,-8.462499999999999,0.4627,0.0
0.1667,1.0,32.0,0.0,2.0,0.4,47.0,0.14,1.0,0.0,0.3582,0.0
,5.0,20.0,0.0,5.0,0.47,43.0,0.16,2.0,0.0,0.4478,
0.1818,0.0,29.0,0.0,,0.5,70.0,0.2,2.0,0.0,0.3881,0.0
0.1515,,7.0,0.0,8.0,0.59,154.0,0.2,2.0,1.0,,0.0
0.1364,2.0,6.0,0.0,9.0,0.59,92.0,,2.0,1.0,-9.925,0.0
0.1364,0.0,1.0,0.0,10.0,0.59,73.0,0.2,2.0,1.0,0.4179,0.0
0.1212,1.0,5.0,0.0,11.0,0.59,37.0,0.2,2.0,1.0,0.2985,0.0
0.1212,1.0,16.0,0.0,12.0,0.55,,0.2,2.0,13.8775,0.194,0.0
0.1212,0.0,54.0,18.130475,13.0,,,0.16,1.0,1.0,0.2836,0.0
0.1212,0.0,39.0,0.0,15.0,0.55,3.0,0.14,3.5,1.0,0.2836,0.0
0.1212,0.0,35.0,0.0,16.0,0.51,3.0,0.14,1.0,1.0,0.2239,0.0
0.1515,0.0,55.0,18.130475,,0.51,6.0,0.14,1.0,1.0,0.2239,1.0
0.1364,5.0,44.0,0.0,18.0,-7.178000000000001,26.727362499999998,3.4328000000000003,1.0,,0.1343,1.0
0.1364,2.0,68.0,0.0,20.0,0.51,97.0,0.14,1.0,1.0,0.2537,
0.2121,2.0,33.0,0.0,1.0,,31.0,0.16,1.0,1.0,0.2836,1.0
0.1818,3.0,7.0,0.0,5.0,0.86,55.0,0.16,1.0,1.0,0.2239,1.0
0.1515,0.0,2.0,0.0,7.0,0.93,60.0,0.18,2.0,1.0,0.2537,1.0
0.1212,0.0,4.0,0.0,8.0,11.9068,45.0,0.2,2.0,1.0,0.2985,1.0
0.1364,1.0,3.0,0.0,9.0,0.86,72.0,0.2,2.0,1.0,0.2836,-10.450000000000001
0.1818,0.0,139.0,0.0,13.0,0.86,51.0,0.2,2.0,1.0,0.2836,1.0
0.1667,2.0,37.0,18.130475,14.0,0.86,32.0,0.2,2.0,1.0,0.2239,
0.197,2.0,60.0,0.0,18.0,0.69,7.0,0.16,2.0,1.0,0.2239,1.0
0.2424,9.0,37.3936875,0.0,20.0,0.59,1.0,0.16,,2.0,0.1045,1.0
0.2424,3.0,99.0,0.0,21.0,0.55,5.0,0.16,2.0,2.0,0.2239,1.0
0.2424,0.0,40.0,-10.884125000000001,23.0,0.47,16.0,,2.0,2.0,0.1642,1.0
,1.0,14.0,0.0,,0.47,125.0,3.4328000000000003,2.0,2.0,0.1642,
0.2424,3.0,5.0,0.0,3.0,0.47,,0.16,3.0,2.0,0.194,1.0
0.197,2.0,1.0,0.0,4.0,0.44,39.0,0.16,3.0,2.0,,1.0
0.2273,0.0,8.0,0.0,6.0,0.47,52.0,0.14,3.0,2.0,0.1642,1.0
0.2273,0.0,-22.322812499999998,0.0,7.0,0.47,49.0,3.4328000000000003,3.0,2.0,0.1045,1.0
0.1515,1.0,158.0,0.0,9.0,0.55,48.0,,2.0,2.0,,1.0
0.1818,2.0,117.0,0.0,10.0,0.55,63.0,0.16,2.0,,0.1343,1.0
-3.4875,2.0,44.0,18.130475,11.0,0.59,26.727362499999998,0.16,,2.0,0.1343,1.0
0.197,18.0,37.3936875,0.0,12.0,0.59,135.0,3.4328000000000003,1.0,2.0,0.0,
-3.4875,15.0,61.0,0.0,13.0,0.5,82.0,0.2,1.0,2.0,0.0896,1.0
0.2879,,64.0,0.0,15.0,0.5,54.0,0.2,1.0,2.0,0.1642,1.0
0.3182,21.0,68.0,0.0,16.0,0.5,57.0,0.22,1.0,2.0,0.1642,1.0
0.3333,33.0,37.3936875,0.0,17.0,0.5,32.0,0.2,1.0,2.0,16.355,1.0
0.303,29.0,159.0,0.0,18.0,0.54,19.0,0.2,1.0,2.0,0.1045,1.0
0.2879,15.0,139.0,0.0,10.375,0.54,6.0,0.22,1.0,2.0,0.0896,1.0
0.303,14.0,92.0,0.0,20.0,0.5,2.0,0.2,1.0,2.0,0.0896,1.0
0.303,6.0,68.0,0.0,21.0,0.5,2.0,0.2,1.0,,16.355,1.0
0.2879,5.0,36.0,0.0,23.0,0.44,3.0,0.18,1.0,2.0,0.2239,-10.450000000000001
0.303,6.0,27.0,0.0,0.0,0.44,4.0,0.16,1.0,3.0,,1.0
0.2727,4.0,28.0,0.0,1.0,0.41,3.0,0.16,1.0,3.0,0.1045,1.0
0.2727,9.0,12.0,0.0,3.0,0.38,72.0,0.16,1.0,3.0,0.0,1.0
0.2576,0.0,8.0,0.0,,0.38,,0.14,1.0,3.0,0.194,1.0
0.2576,1.0,5.0,0.0,6.0,0.4,137.0,0.14,1.0,3.0,0.0896,1.0
0.2576,0.0,1.0,0.0,7.0,0.4,36.0,0.14,1.0,3.0,0.1045,1.0
0.2121,0.0,10.0,0.0,9.0,0.47,49.0,0.14,1.0,3.0,0.0896,1.0
0.2121,3.0,-22.322812499999998,0.0,10.0,0.46,26.727362499999998,0.14,1.0,3.0,0.0896,1.0
0.2121,8.0,33.0,0.0,11.0,0.46,39.0,0.14,3.5,3.0,0.1045,1.0
0.2273,23.0,59.0,0.0,12.0,0.5,55.0,0.14,1.0,3.0,0.1343,1.0
0.2273,23.0,89.0,0.0,14.0,0.5,76.0,0.12,1.0,3.0,0.1642,1.0
0.2727,22.0,101.0,0.0,15.0,0.54,158.0,0.12,1.0,3.0,0.1343,1.0
-3.4875,,129.0,0.0,17.0,0.54,98.0,,1.0,,0.1343,1.0
0.2121,23.0,,0.0,18.0,0.54,,0.16,1.0,3.0,0.1642,1.0
0.2121,11.0,83.0,0.0,,0.54,40.0,0.2,1.0,3.0,0.3284,1.0
0.197,6.0,41.0,0.0,22.0,,14.0,0.22,1.0,3.0,0.2239,1.0
0.2121,2.0,57.0,0.0,23.0,0.69,14.0,0.22,1.0,3.0,0.3881,1.0
0.2273,0.0,26.0,0.0,10.375,0.55,,,1.0,3.0,0.5821,1.0
0.1818,0.0,16.0,0.0,4.0,0.37,8.0,0.2,2.0,3.0,0.3582,1.0
-3.4875,0.0,1.0,0.0,6.0,0.38,70.0,0.16,1.0,3.0,0.3284,-10.450000000000001
,0.0,2.0,0.0,7.0,0.41,156.0,0.16,1.0,,0.4179,1.0
0.1818,18.259999999999998,1.0,0.0,8.0,0.41,117.0,0.14,1.0,4.0,0.3284,1.0
0.1515,7.0,18.0,0.0,10.0,0.59,40.0,0.14,1.0,4.0,,1.0
0.197,10.0,79.0,0.0,11.0,0.59,47.0,0.12,1.0,4.0,0.5224,1.0
0.197,13.0,93.0,,12.0,0.69,59.0,0.12,-2.5,4.0,0.4179,1.0
0.2121,18.259999999999998,104.0,0.0,13.0,0.69,73.0,0.1,1.0,4.0,16.355,1.0
0.2121,6.0,118.0,0.0,14.0,0.55,,0.1,1.0,4.0,0.3284,1.0
0.197,4.0,91.0,0.0,15.0,0.55,59.0,0.1,1.0,4.0,0.4478,1.0
0.1667,7.0,113.0,0.0,16.0,0.59,87.0,0.1,1.0,4.0,,1.0
0.1818,2.0,99.0,0.0,17.0,0.59,155.0,0.1,1.0,4.0,,1.0
0.1515,,105.0,0.0,18.0,0.59,134.0,0.1,1.0,4.0,0.2836,1.0
0.1212,,67.0,0.0,19.0,0.59,89.0,0.12,1.0,4.0,0.3582,1.0
0.1818,0.0,57.0,0.0,21.0,0.63,48.0,0.18,1.0,,0.3284,1.0
0.197,0.0,28.0,0.0,22.0,0.63,34.0,0.18,1.0,-8.462499999999999,0.2537,1.0
0.2273,2.0,21.0,0.0,23.0,0.63,26.0,0.2,1.0,4.0,0.2985,1.0
0.2273,0.0,17.0,0.0,0.0,0.64,25.0,0.22,-2.5,4.0,16.355,1.0
0.2273,1.0,16.0,0.0,1.0,0.59,18.0,0.22,1.0,4.0,0.1343,1.0
0.2727,0.0,3.0,0.0,4.0,0.38,-15.878937499999997,0.22,1.0,4.0,0.3284,1.0
0.2576,0.0,5.0,0.0,5.0,0.39,1.0,0.2,1.0,4.0,0.3582,1.0
0.2727,1.0,13.0,0.0,6.0,0.36,2.0,0.16,1.0,4.0,0.4478,1.0
0.2727,,33.0,0.0,,0.34,9.0,0.18,3.5,4.0,0.4179,
0.2576,0.0,64.0,0.0,9.0,0.45,31.0,0.16,1.0,4.0,0.4478,1.0
0.2576,1.0,93.0,1.0,,0.39,54.0,0.18,1.0,5.0,0.2985,1.0
0.2576,2.0,93.0,1.0,13.0,0.42,80.0,0.16,1.0,5.0,0.3582,
0.2727,1.0,82.0,1.0,14.0,0.45,92.0,0.16,1.0,5.0,0.2836,-10.450000000000001
0.303,,,1.0,,0.56,108.0,0.16,1.0,5.0,0.3284,1.0
0.4091,,60.0,1.0,17.0,-7.178000000000001,54.0,0.14,1.0,5.0,16.355,1.0
0.4091,7.0,33.0,1.0,18.0,-7.178000000000001,69.0,0.14,1.0,5.0,0.2239,1.0
0.3333,7.0,4.0,1.0,,0.56,60.0,3.4328000000000003,1.0,5.0,0.2985,1.0
0.3182,5.0,3.0,1.0,22.0,0.56,35.0,,2.0,5.0,0.3284,1.0
0.2879,4.0,22.0,1.0,23.0,0.56,51.0,0.18,2.0,5.0,0.194,1.0
0.303,2.0,-22.322812499999998,18.130475,0.0,0.55,26.0,0.2,1.0,5.0,0.194,1.0
0.2879,4.0,35.0,18.130475,1.0,0.51,39.0,0.24,2.0,5.0,0.1642,1.0
5.2925,6.0,61.0,1.0,2.0,0.51,33.0,0.28,2.0,5.0,0.1343,1.0
0.2727,1.0,125.0,1.0,10.375,0.44,19.0,0.3,2.0,5.0,0.1045,1.0
0.2273,,,1.0,4.0,0.41,13.0,0.32,2.0,5.0,,1.0
0.2727,2.0,99.0,1.0,5.0,0.35,6.0,0.34,1.0,5.0,,
0.2576,0.0,41.0,1.0,-12.625,0.38,1.0,3.4328000000000003,1.0,5.0,0.1642,1.0
0.2273,0.0,33.0,1.0,8.0,-7.178000000000001,1.0,0.3,,5.0,16.355,
0.2121,0.0,20.0,1.0,9.0,0.37,3.0,0.32,1.0,5.0,0.1343,1.0
0.2121,1.0,,0.0,10.0,0.4,18.0,0.32,1.0,5.0,0.194,1.0
0.2273,3.0,3.0,0.0,12.0,0.47,71.0,0.3,1.0,-8.462499999999999,0.2836,1.0
0.3333,7.0,7.0,,14.0,0.49,70.0,0.3,1.0,,0.2537,1.0
0.2879,12.0,32.0,0.0,15.0,0.4,75.0,0.26,1.0,5.0,0.3881,1.0
0.303,6.0,90.0,0.0,16.0,0.47,95.0,0.26,1.0,5.0,0.2836,1.0
0.3182,8.0,197.0,0.0,10.375,0.44,,0.26,2.0,6.0,0.1642,
0.303,8.0,109.0,0.0,,0.43,78.0,0.22,2.0,6.0,16.355,12.07
0.2576,1.0,52.0,0.0,20.0,0.43,26.727362499999998,0.26,2.0,6.0,0.1642,1.0
-3.4875,2.0,78.0,0.0,21.0,0.43,56.0,0.26,2.0,6.0,0.0,1.0
0.2273,3.0,75.0,0.0,22.0,0.43,47.0,0.26,2.0,6.0,0.0896,1.0
0.2121,0.0,82.0,0.0,23.0,0.5,50.0,0.24,2.0,6.0,0.0,1.0
-3.4875,1.0,,0.0,13.0,-7.178000000000001,,0.22,2.0,6.0,0.0,1.0
0.2273,0.0,161.0,0.0,14.0,0.5,18.0,0.22,2.0,6.0,0.0,1.0
0.2424,18.259999999999998,112.0,0.0,15.0,0.55,16.0,0.22,1.0,6.0,0.0,1.0
0.2121,0.0,76.0,0.0,16.0,0.47,15.0,0.24,1.0,6.0,0.0,1.0
0.2576,0.0,59.0,0.0,17.0,0.47,8.0,0.24,1.0,6.0,0.0896,1.0
5.2925,2.0,59.0,0.0,18.0,0.43,2.0,0.26,1.0,6.0,-9.925,1.0
0.1818,7.0,13.0,0.0,20.0,,1.0,,1.0,6.0,0.0,1.0
0.1818,11.0,1.0,0.0,23.0,0.59,30.0,0.2,1.0,6.0,0.0,1.0
0.1212,4.0,35.0,0.0,2.0,0.8,-15.878937499999997,0.18,2.0,-8.462499999999999,,1.0
0.1212,10.0,249.0,0.0,5.0,0.93,55.0,0.18,,6.0,0.1045,-7.45
0.1212,1.0,143.0,0.0,,-7.178000000000001,70.0,0.2,1.0,6.0,0.0,0.0
5.2925,3.0,57.0,0.0,7.0,0.86,-15.878937499999997,0.2,1.0,6.0,0.1343,0.0
0.0758,1.0,68.0,0.0,8.0,0.86,74.0,0.2,1.0,6.0,0.1343,0.0
0.0758,0.0,84.0,0.0,9.0,0.8,72.0,0.2,1.0,6.0,0.1642,0.0
0.0303,0.0,70.0,0.0,11.0,0.87,67.0,0.18,1.0,6.0,0.2239,0.0
0.0,3.0,91.0,0.0,12.0,0.82,85.0,0.18,1.0,6.0,0.2985,0.0
,0.0,215.0,,13.0,0.8,26.727362499999998,0.18,1.0,0.0,0.2836,0.0
0.0303,1.0,185.0,0.0,14.0,0.8,29.0,0.18,1.0,0.0,0.194,0.0
0.0152,0.0,152.0,0.0,15.0,0.87,24.0,0.16,1.0,0.0,0.194,0.0
0.0303,0.0,126.0,0.0,16.0,0.93,13.0,3.4328000000000003,1.0,0.0,,0.0
0.0152,0.0,57.0,0.0,17.0,0.93,3.0,0.16,1.0,0.0,0.2537,0.0
0.0,1.0,56.0,0.0,18.0,0.93,3.0,0.16,1.0,0.0,0.2537,0.0
0.0303,3.0,31.0,0.0,19.0,0.93,22.0,0.16,1.0,0.0,0.2537,-10.450000000000001
0.0606,3.0,21.0,0.0,20.0,0.93,26.0,0.18,2.0,-8.462499999999999,0.2239,0.0
0.0758,4.0,6.0,0.0,,,32.0,0.18,2.0,0.0,0.1045,
0.1061,10.0,2.0,0.0,22.0,0.93,61.0,0.18,2.0,0.0,0.2836,0.0
0.1364,11.0,1.0,0.0,0.0,,132.0,0.2,2.0,0.0,0.0,0.0
0.1364,11.0,27.0,0.0,2.0,0.93,83.0,0.18,2.0,0.0,0.1343,0.0
0.197,8.0,,0.0,3.0,0.93,41.0,0.18,2.0,0.0,,0.0
0.0909,0.0,217.0,0.0,4.0,0.93,33.0,0.16,2.0,,0.0,0.0
0.1061,6.0,166.0,0.0,5.0,0.87,19.0,0.16,-2.5,0.0,0.1642,0.0
0.0758,1.0,63.0,0.0,6.0,0.81,3.0,0.14,2.0,0.0,0.1642,0.0
0.1061,0.0,59.0,0.0,20.375,0.62,6.0,0.16,2.0,0.0,0.1642,0.0
0.1515,7.0,78.0,0.0,8.0,0.58,3.0,0.2,2.0,0.0,0.2985,
0.0758,18.259999999999998,,0.0,9.0,0.54,26.727362499999998,0.2,2.0,0.0,0.2836,0.0
0.0758,2.0,-22.322812499999998,0.0,,0.58,7.0,0.22,2.0,0.0,0.2537,0.0
0.0606,3.0,-22.322812499999998,0.0,12.0,0.61,89.0,0.22,2.0,0.0,0.2537,0.0
-3.4875,0.0,120.0,0.0,,0.57,196.0,0.22,2.0,1.0,0.2836,0.0
0.1061,1.0,53.0,0.0,14.0,0.49,,0.22,2.0,1.0,0.2985,0.0
0.1061,7.0,34.0,0.0,16.0,0.52,47.0,0.22,2.0,1.0,0.2537,0.0
0.1364,22.0,27.0,,17.0,0.52,65.0,0.22,3.0,1.0,0.2239,0.0
0.1212,24.0,13.0,0.0,18.0,0.56,67.0,0.22,3.0,1.0,0.2537,0.0
0.1364,17.0,11.0,0.0,19.0,0.56,68.0,0.22,3.0,1.0,0.1642,0.0
0.1061,4.0,8.0,0.0,22.0,0.56,94.0,-2.388,3.0,1.0,0.1642,0.0
0.0909,5.0,37.3936875,18.130475,0.0,0.56,190.0,0.22,2.0,1.0,0.1642,
0.0606,4.0,53.0,0.0,1.0,0.6,156.0,0.22,2.0,1.0,0.1343,0.0
0.0606,0.0,63.0,0.0,2.0,0.6,108.0,3.4328000000000003,2.0,1.0,0.1045,0.0
0.0606,0.0,75.0,0.0,10.375,0.55,55.0,0.24,2.0,1.0,0.2239,0.0
0.0606,0.0,103.0,0.0,5.0,0.52,53.0,3.4328000000000003,2.0,1.0,0.194,0.0
0.1364,6.0,83.0,0.0,6.0,0.48,27.0,0.24,2.0,1.0,0.2537,0.0
0.1515,4.0,67.0,0.0,7.0,0.45,8.0,,2.0,1.0,0.194,0.0
0.1364,6.0,54.0,0.0,8.0,0.42,3.0,0.28,2.0,1.0,0.1343,-10.450000000000001
,3.0,59.0,0.0,9.0,0.45,2.0,0.3,,1.0,0.1642,-10.450000000000001
0.1364,11.0,45.0,,10.0,0.45,1.0,,2.0,1.0,0.194,
0.1364,6.0,39.0,0.0,11.0,0.45,1.0,0.4,2.0,1.0,0.1343,
0.1364,2.0,,0.0,12.0,0.49,6.0,0.4,2.0,1.0,0.2239,0.0
0.1667,-11.1,33.0,0.0,13.0,0.49,35.0,0.38,2.0,1.0,-9.925,0.0
,4.0,22.0,0.0,14.0,0.56,100.0,0.36,3.0,1.0,0.2537,-10.450000000000001
0.1212,6.0,13.0,0.0,15.0,0.56,247.0,0.34,3.0,1.0,0.194,0.0
0.1515,-11.1,5.0,0.0,17.0,0.6,56.0,0.32,2.0,2.0,0.1343,0.0
0.1515,6.0,1.0,0.0,19.0,0.65,77.0,0.3,2.0,2.0,0.1343,0.0
0.1364,3.0,2.0,0.0,10.375,0.7,86.0,0.3,2.0,2.0,0.1045,0.0
-3.4875,3.0,28.0,0.0,22.0,0.75,62.0,0.26,2.0,2.0,0.1642,0.0
0.1515,0.0,58.0,-10.884125000000001,23.0,,83.0,,2.0,2.0,0.194,0.0
0.1667,0.0,99.0,0.0,0.0,0.87,207.0,0.26,2.0,2.0,0.2537,0.0
0.1818,1.0,87.0,0.0,2.0,0.6,184.0,,1.0,2.0,0.194,17.07
0.1515,5.0,110.0,0.0,3.0,0.55,146.0,0.24,1.0,2.0,0.194,0.0
0.1818,5.0,,0.0,20.375,0.51,,0.22,1.0,2.0,0.194,0.0
0.2273,10.0,-22.322812499999998,0.0,-12.625,-7.178000000000001,54.0,0.22,1.0,2.0,0.2537,0.0
0.2424,6.0,55.0,0.0,7.0,-7.178000000000001,56.0,0.22,1.0,3.0,-9.925,0.0
0.3333,11.0,35.0,,9.0,-4.177999999999999,20.0,0.24,,3.0,0.3284,0.0
0.3485,21.0,25.0,0.0,10.0,0.27,6.0,0.26,1.0,3.0,0.2239,0.0
0.3485,14.0,28.0,,11.0,11.9068,2.0,0.28,-2.5,-8.462499999999999,0.1642,0.0
0.3333,14.0,21.0,0.0,12.0,0.25,1.0,0.3,1.0,3.0,0.1642,0.0
0.3182,7.0,7.0,0.0,,0.26,1.0,0.28,1.0,3.0,0.194,0.0
0.2576,13.0,1.0,0.0,14.0,0.26,4.0,,1.0,3.0,0.194,0.0
0.2273,4.0,5.0,0.0,16.0,0.3,66.0,0.3,1.0,3.0,0.1343,0.0
0.2273,3.0,84.0,0.0,18.0,0.33,159.0,0.26,1.0,,0.1045,0.0
0.2424,0.0,177.0,0.0,19.0,0.38,57.0,0.26,1.0,13.8775,0.0896,1.0
0.2273,3.0,102.0,,20.0,0.41,53.0,0.26,1.0,3.0,0.0,1.0
0.1818,0.0,40.0,18.130475,21.0,0.38,67.0,,,3.0,0.0,1.0
0.2121,3.0,,0.0,22.0,0.45,65.0,3.4328000000000003,1.0,3.0,0.1343,1.0
0.2121,2.0,60.0,0.0,23.0,0.41,56.0,0.24,1.0,3.0,0.1343,17.07
,6.0,45.0,0.0,0.0,0.41,61.0,0.24,2.0,3.0,0.1343,1.0
0.197,7.0,57.0,0.0,1.0,0.41,97.0,0.24,1.0,,0.0896,1.0
0.197,4.0,70.0,0.0,2.0,0.48,151.0,0.24,2.0,3.0,0.0896,1.0
0.1818,1.0,153.0,0.0,5.0,0.44,93.0,0.22,2.0,3.0,0.1045,1.0
0.197,1.0,106.0,0.0,6.0,0.44,52.0,0.24,2.0,3.0,0.1045,1.0
0.1818,,81.0,0.0,7.0,0.41,41.0,0.22,2.0,3.0,0.1045,1.0
0.2273,1.0,59.0,0.0,8.0,0.41,33.0,0.2,2.0,4.0,0.1343,1.0
0.2424,2.0,35.0,0.0,9.0,,27.0,0.2,2.0,,0.0896,1.0
0.2273,,24.0,0.0,10.0,0.38,13.0,0.2,2.0,4.0,0.0896,1.0
5.2925,4.0,5.0,0.0,12.0,0.33,11.0,0.22,3.5,4.0,0.2836,1.0
0.2121,2.0,2.0,0.0,13.0,0.28,-15.878937499999997,0.22,2.0,4.0,0.2537,1.0
0.2121,0.0,1.0,0.0,14.0,0.28,3.0,0.2,2.0,4.0,0.2836,1.0
0.197,,9.0,0.0,15.0,0.28,2.0,0.2,2.0,,0.3881,1.0
0.2121,0.0,36.0,0.0,,0.35,8.0,0.16,2.0,4.0,0.3284,1.0
0.2121,0.0,238.0,0.0,18.0,11.9068,37.0,0.14,2.0,4.0,0.2836,1.0
0.2273,1.0,144.0,0.0,19.0,-7.178000000000001,50.0,0.12,3.0,4.0,0.4179,1.0
0.197,0.0,61.0,0.0,21.0,0.57,59.0,0.12,3.0,4.0,0.2985,1.0
0.197,2.0,106.0,0.0,22.0,0.57,60.0,,2.0,4.0,0.4179,1.0
0.197,2.0,93.0,0.0,23.0,0.57,72.0,0.08,1.0,4.0,,1.0
5.2925,0.0,116.0,0.0,1.0,0.62,64.0,0.06,1.0,4.0,0.4627,
-3.4875,,222.0,0.0,3.0,0.57,93.0,0.06,1.0,4.0,0.3881,1.0
0.2121,0.0,225.0,0.0,4.0,0.57,72.0,0.04,1.0,4.0,0.0,
0.2576,1.0,119.0,0.0,6.0,0.62,54.0,0.04,1.0,4.0,0.0,1.0
0.2727,10.0,45.0,0.0,7.0,0.54,53.0,0.04,1.0,4.0,,1.0
0.2424,,53.0,0.0,10.375,11.9068,44.0,0.02,1.0,4.0,0.1642,1.0
0.2273,2.0,40.0,0.0,9.0,0.43,39.0,0.02,1.0,4.0,-9.925,1.0
0.2424,-11.1,17.0,0.0,,0.37,23.0,0.02,1.0,4.0,0.2239,1.0
0.2273,1.0,10.0,0.0,12.0,0.28,20.0,0.04,1.0,4.0,0.2239,1.0
0.2121,0.0,1.0,0.0,13.0,0.28,12.0,0.04,1.0,5.0,0.2836,1.0
0.2273,1.0,8.0,0.0,14.0,0.26,15.0,0.06,1.0,5.0,-9.925,1.0
,0.0,72.0,0.0,15.0,0.26,4.0,0.06,1.0,5.0,0.2985,1.0
,0.0,58.0,0.0,16.0,-7.178000000000001,3.0,0.08,1.0,5.0,0.1642,1.0
0.2121,3.0,28.0,0.0,17.0,0.3,1.0,,1.0,5.0,0.0,1.0
0.1818,-11.1,41.0,,18.0,0.36,1.0,0.12,1.0,5.0,0.1045,1.0
0.1818,1.0,47.0,0.0,20.0,0.36,17.0,0.12,1.0,5.0,0.1343,-10.450000000000001
0.197,3.0,-22.322812499999998,0.0,21.0,0.38,25.0,0.12,1.0,5.0,0.194,1.0
0.2121,0.0,-22.322812499999998,0.0,20.375,0.41,51.0,0.08,1.0,5.0,0.1343,1.0
0.197,4.0,36.0,0.0,23.0,0.41,77.0,0.08,2.0,5.0,,1.0
0.197,12.0,26.0,0.0,0.0,,92.0,0.06,-2.5,5.0,0.194,1.0
0.2273,9.0,24.0,-10.884125000000001,-6.625,,75.0,0.06,,5.0,0.3284,1.0
0.2273,10.0,84.0,0.0,2.0,0.48,93.0,0.06,2.0,5.0,0.2836,1.0
0.2424,19.0,79.0,0.0,5.0,-7.178000000000001,56.0,,2.0,-8.462499999999999,0.2537,1.0
,18.259999999999998,38.0,0.0,,0.49,44.0,0.02,1.0,5.0,0.2836,1.0
0.2121,,27.0,0.0,8.0,0.41,45.0,0.02,1.0,5.0,0.3284,
0.2121,1.0,16.0,0.0,9.0,0.42,31.0,0.04,1.0,5.0,0.2537,17.07
0.2121,1.0,9.0,0.0,10.0,0.46,20.0,0.04,2.0,5.0,0.2537,1.0
0.197,-11.1,3.0,0.0,11.0,0.42,23.0,0.08,2.0,5.0,0.1642,1.0
,7.0,1.0,0.0,13.0,0.46,7.0,0.1,1.0,5.0,0.2985,1.0
0.2273,1.0,4.0,0.0,14.0,0.4,1.0,0.14,1.0,5.0,0.0896,1.0
5.2925,0.0,37.3936875,0.0,16.0,0.5,1.0,0.16,1.0,5.0,0.4179,17.07
0.2121,1.0,101.0,0.0,18.0,0.59,5.0,0.14,1.0,5.0,0.2537,1.0
0.2273,4.0,49.0,0.0,19.0,0.54,15.0,0.16,1.0,6.0,0.2836,1.0
0.2424,7.0,30.0,0.0,20.0,0.59,79.0,0.16,1.0,6.0,0.3284,
0.2727,18.259999999999998,29.0,,21.0,0.63,171.0,0.16,,6.0,0.3582,1.0
0.3182,10.0,31.0,0.0,22.0,0.63,98.0,0.14,1.0,6.0,0.4627,1.0
0.2879,13.0,38.0,0.0,10.375,0.64,34.0,0.12,1.0,6.0,0.4627,1.0
0.303,,41.0,0.0,0.0,0.69,43.0,0.12,1.0,6.0,,1.0
0.3333,14.0,80.0,0.0,1.0,0.69,52.0,0.1,1.0,6.0,-9.925,1.0
0.2576,9.0,62.0,0.0,-6.625,0.74,50.0,0.06,1.0,6.0,0.4478,1.0
0.2121,5.0,23.0,0.0,10.0,0.64,145.0,,2.0,6.0,0.3582,1.0
,1.0,28.0,0.0,11.0,0.6,101.0,0.02,1.0,6.0,0.2537,1.0
0.2273,0.0,15.0,0.0,13.0,,-15.878937499999997,0.02,1.0,6.0,16.355,1.0
0.1667,-11.1,8.0,0.0,14.0,0.56,32.0,0.02,1.0,6.0,0.2836,1.0
-3.4875,1.0,2.0,0.0,,0.42,6.0,0.06,3.5,,0.3881,1.0
0.1515,1.0,34.0,0.0,17.0,0.49,1.0,0.12,1.0,6.0,0.2537,1.0
0.1515,2.0,55.0,0.0,18.0,0.65,-15.878937499999997,0.14,1.0,6.0,0.3881,1.0
0.2273,2.0,78.0,0.0,19.0,0.65,-15.878937499999997,0.14,3.5,6.0,0.2537,1.0
0.197,1.0,65.0,18.130475,20.0,0.65,103.0,0.16,1.0,-8.462499999999999,0.2836,1.0
0.1818,3.0,99.0,0.0,21.0,0.64,233.0,0.16,1.0,6.0,0.2985,1.0
0.1818,3.0,120.0,0.0,22.0,0.64,134.0,0.14,1.0,0.0,0.2239,17.07
0.1515,3.0,91.0,0.0,0.0,0.69,49.0,0.14,1.0,0.0,0.2836,1.0
0.3182,,68.0,0.0,1.0,0.65,55.0,0.14,1.0,0.0,0.3284,1.0
0.1667,0.0,58.0,-10.884125000000001,2.0,0.69,85.0,0.14,1.0,0.0,0.2537,-7.45
0.197,3.0,43.0,0.0,3.0,0.86,72.0,0.14,1.0,0.0,0.1642,1.0
0.1818,2.0,33.0,0.0,6.0,0.87,,0.14,1.0,0.0,0.1343,1.0
-3.4875,0.0,33.0,0.0,7.0,0.87,102.0,0.16,1.0,0.0,0.1045,1.0
0.2273,0.0,29.0,0.0,-12.625,0.87,208.0,0.16,3.5,0.0,0.0,1.0
0.2273,-11.1,11.0,0.0,9.0,-7.178000000000001,218.0,0.16,1.0,0.0,0.1045,0.0
0.2121,0.0,8.0,0.0,10.0,0.93,133.0,0.16,1.0,0.0,0.0,12.07
0.2121,0.0,1.0,0.0,11.0,0.93,103.0,-2.388,1.0,0.0,0.194,0.0
0.2273,0.0,3.0,0.0,12.0,0.93,40.0,0.14,1.0,0.0,0.0,0.0
0.2273,3.0,3.0,0.0,,0.93,49.0,0.16,1.0,0.0,0.194,0.0
0.2273,2.0,12.0,0.0,14.0,0.93,37.0,0.16,1.0,0.0,0.1343,0.0
0.2273,0.0,38.0,0.0,15.0,0.93,14.0,0.16,1.0,0.0,0.1642,0.0
0.2576,2.0,59.0,0.0,20.375,0.55,7.0,0.22,1.0,0.0,0.0,0.0
0.2576,3.0,97.0,0.0,18.0,0.55,1.0,0.24,2.0,0.0,0.1045,0.0
0.2576,5.0,84.0,0.0,19.0,0.69,8.0,0.26,2.0,0.0,0.1045,0.0
-3.4875,7.0,122.0,0.0,20.0,0.69,29.0,0.26,2.0,0.0,0.1045,0.0
0.2424,3.0,37.3936875,0.0,21.0,0.74,69.0,0.3,1.0,0.0,0.1343,0.0
0.2879,4.0,,0.0,22.0,0.74,55.0,0.32,1.0,0.0,0.1343,0.0
0.2576,,77.0,0.0,23.0,0.74,26.0,0.32,1.0,,0.1045,0.0
0.2424,3.0,65.0,0.0,0.0,,35.0,0.3,1.0,13.8775,0.1045,0.0
0.197,1.0,28.0,0.0,3.0,0.75,,,1.0,1.0,0.1642,0.0
0.2424,0.0,,18.130475,20.375,0.75,36.0,0.24,1.0,1.0,0.1642,0.0
0.2273,0.0,21.0,0.0,,0.8,42.0,0.24,1.0,1.0,0.3582,0.0
0.2273,4.0,7.0,0.0,7.0,0.8,35.0,0.22,2.0,1.0,0.3881,0.0
0.2273,0.0,7.0,0.0,-12.625,0.86,26.0,0.22,2.0,1.0,0.2239,0.0
0.2121,-11.1,37.3936875,0.0,9.0,0.86,23.0,3.4328000000000003,2.0,,0.4627,0.0
0.2424,0.0,-22.322812499999998,0.0,10.0,0.86,82.0,0.24,2.0,1.0,,0.0
5.2925,1.0,8.0,0.0,12.0,11.9068,76.0,0.2,1.0,1.0,0.3582,0.0
0.2121,1.0,37.0,0.0,13.0,0.93,55.0,0.2,1.0,1.0,0.3582,0.0
0.2576,4.0,72.0,0.0,14.0,0.93,36.0,0.22,1.0,1.0,0.3284,0.0
0.2273,18.259999999999998,112.0,,16.0,0.86,16.0,0.22,1.0,1.0,0.3881,0.0
0.3333,1.0,69.0,0.0,17.0,0.8,9.0,0.22,2.0,1.0,0.2537,0.0
0.3939,18.259999999999998,48.0,0.0,18.0,0.75,2.0,0.22,2.0,1.0,0.2836,0.0
0.3333,8.0,,,20.0,0.75,2.0,0.22,2.0,1.0,0.2537,0.0
0.3182,7.0,86.0,0.0,21.0,0.7,0.0,0.22,2.0,1.0,0.194,0.0
0.2879,7.0,44.0,0.0,22.0,0.75,4.0,0.22,2.0,1.0,0.194,
0.197,4.0,37.3936875,0.0,0.0,0.6,16.0,0.22,2.0,1.0,0.2239,
0.197,1.0,156.0,0.0,1.0,0.64,58.0,0.22,2.0,1.0,0.194,0.0
0.2121,5.0,111.0,0.0,2.0,0.64,155.0,0.2,2.0,1.0,0.194,0.0
0.1667,1.0,56.0,,4.0,0.64,95.0,0.22,2.0,1.0,0.2537,0.0
0.1515,0.0,37.3936875,0.0,5.0,0.69,49.0,0.22,1.0,1.0,0.1343,0.0
0.1667,0.0,17.0,0.0,7.0,0.64,30.0,0.2,2.0,1.0,-9.925,0.0
0.1667,0.0,8.0,0.0,8.0,0.59,28.0,,2.0,2.0,,17.07
0.1212,1.0,,0.0,11.0,0.64,40.0,0.18,1.0,13.8775,0.0,0.0
0.1515,2.0,52.0,0.0,14.0,0.55,107.0,0.2,2.0,2.0,0.1343,0.0
0.1364,9.0,135.0,0.0,15.0,0.6,84.0,0.2,2.0,2.0,0.194,0.0
0.1818,2.0,116.0,0.0,16.0,0.69,61.0,0.2,3.0,2.0,0.2239,0.0
0.1667,,47.0,0.0,17.0,0.6,57.0,0.18,3.0,2.0,0.2239,1.0
0.2121,5.0,52.0,0.0,20.0,0.69,26.0,0.16,3.0,2.0,0.1642,1.0
0.2121,2.0,52.0,0.0,21.0,0.74,20.0,0.18,3.0,2.0,0.2537,1.0
0.2576,4.0,64.0,0.0,22.0,0.74,-15.878937499999997,0.18,3.0,2.0,16.355,1.0
0.2121,1.0,168.0,0.0,0.0,0.8,2.0,0.18,3.0,2.0,0.194,1.0
0.2121,2.0,108.0,0.0,1.0,0.8,2.0,0.18,3.0,-8.462499999999999,,1.0
0.2273,4.0,74.0,-10.884125000000001,-6.625,0.8,4.0,0.18,3.0,2.0,0.194,1.0
0.2273,0.0,-22.322812499999998,0.0,3.0,0.8,31.0,0.22,3.5,2.0,0.1642,1.0
0.1667,0.0,16.0,0.0,4.0,0.93,34.0,,3.0,2.0,16.355,
0.1515,0.0,2.0,0.0,5.0,0.93,51.0,0.22,4.0,2.0,0.2537,1.0
0.2121,0.0,4.0,0.0,7.0,0.86,66.0,0.24,3.0,2.0,0.2836,1.0
0.1515,3.0,1.0,0.0,8.0,0.86,56.0,0.24,1.0,2.0,0.1642,1.0
0.2121,5.0,1.0,0.0,9.0,0.8,89.0,0.24,1.0,-8.462499999999999,0.2239,1.0
0.2273,3.0,3.0,18.130475,10.0,0.8,98.0,0.22,1.0,2.0,0.1045,1.0
0.2576,9.0,37.3936875,0.0,12.0,-7.178000000000001,88.0,0.24,1.0,-8.462499999999999,0.2239,1.0
0.2727,15.0,155.0,0.0,13.0,0.52,82.0,0.24,-2.5,3.0,16.355,1.0
-3.4875,8.0,61.0,18.130475,15.0,0.61,52.0,0.22,1.0,3.0,0.1343,1.0
0.2727,10.0,52.0,0.0,16.0,-7.178000000000001,42.0,0.22,1.0,3.0,0.0896,1.0
0.2576,3.0,64.0,0.0,17.0,0.56,35.0,0.2,2.0,3.0,0.1045,1.0
0.2424,1.0,75.0,0.0,18.0,11.9068,28.0,0.16,2.0,3.0,0.1343,1.0
0.2424,2.0,37.3936875,0.0,19.0,0.65,30.0,0.16,2.0,3.0,0.0896,1.0
0.2424,2.0,76.0,0.0,20.0,0.65,33.0,0.16,2.0,3.0,0.1343,1.0
-3.4875,1.0,103.0,0.0,21.0,0.65,22.0,0.18,2.0,3.0,0.0,1.0
0.2424,3.0,182.0,,23.0,0.7,7.0,0.18,2.0,3.0,0.0,1.0
0.2424,1.0,91.0,0.0,0.0,0.65,1.0,0.18,2.0,3.0,0.0,1.0
0.2424,5.0,75.0,0.0,1.0,0.65,-15.878937499999997,3.4328000000000003,3.0,3.0,0.0,1.0
0.2424,1.0,63.0,0.0,2.0,0.64,3.0,0.22,3.0,3.0,0.0896,1.0
0.2576,0.0,32.0,0.0,5.0,0.64,34.0,0.22,3.0,3.0,0.1642,1.0
0.2273,0.0,5.0,0.0,6.0,0.59,57.0,0.24,3.0,4.0,-9.925,1.0
0.2273,3.0,2.0,0.0,7.0,0.64,50.0,0.24,3.0,4.0,0.194,1.0
,10.0,39.0,-10.884125000000001,10.0,0.64,71.0,0.22,1.0,4.0,0.1642,1.0
0.2273,10.0,87.0,0.0,11.0,0.59,104.0,,,4.0,0.1642,1.0
,5.0,188.0,0.0,12.0,0.59,95.0,0.18,1.0,4.0,-9.925,1.0
0.2727,11.0,37.3936875,0.0,13.0,0.59,104.0,0.16,2.0,4.0,0.1343,1.0
0.2273,8.0,52.0,0.0,10.375,0.59,71.0,0.16,2.0,4.0,0.194,1.0
0.2424,2.0,69.0,0.0,16.0,0.59,57.0,0.16,2.0,,0.2836,1.0
0.2424,6.0,51.0,0.0,17.0,0.55,46.0,3.4328000000000003,1.0,,0.2836,1.0
0.2879,5.0,47.0,0.0,18.0,,30.0,0.16,1.0,5.0,,1.0
0.2576,3.0,60.0,0.0,19.0,0.56,25.0,0.14,1.0,5.0,0.2985,1.0
0.2576,7.0,175.0,0.0,20.0,0.59,19.0,0.14,1.0,5.0,0.2985,1.0
0.2576,2.0,147.0,,21.0,0.55,16.0,0.14,1.0,5.0,-9.925,1.0
0.2273,4.0,96.0,0.0,22.0,0.61,6.0,0.14,1.0,5.0,0.3284,1.0
0.2879,3.0,109.0,0.0,23.0,0.59,5.0,0.14,1.0,5.0,,1.0
0.2273,0.0,54.0,0.0,0.0,0.59,1.0,,1.0,5.0,,
0.2576,,41.0,0.0,1.0,-7.178000000000001,2.0,0.18,1.0,5.0,0.3582,1.0
0.2424,0.0,-22.322812499999998,0.0,10.375,0.64,8.0,0.3,1.0,5.0,0.4627,1.0
0.2879,7.0,1.0,0.0,5.0,0.69,37.0,0.28,1.0,5.0,0.3284,1.0
0.2879,15.0,1.0,0.0,6.0,0.69,71.0,0.28,2.0,5.0,0.3582,1.0
0.3636,47.0,28.0,0.0,8.0,0.93,112.0,0.3,2.0,5.0,,1.0
0.3485,42.0,220.0,0.0,10.0,11.9068,68.0,0.3,2.0,5.0,0.1045,1.0
0.303,13.0,51.0,0.0,12.0,0.93,62.0,3.4328000000000003,1.0,5.0,0.0896,1.0
0.2879,1.0,-22.322812499999998,0.0,13.0,0.93,-15.878937499999997,0.26,1.0,5.0,,1.0
0.2879,5.0,86.0,0.0,14.0,0.93,85.0,0.24,3.5,,0.0896,1.0
-3.4875,5.0,82.0,0.0,15.0,0.86,,0.24,1.0,5.0,0.0896,-7.45
0.2879,4.0,90.0,,16.0,0.86,83.0,0.24,2.0,5.0,0.0896,1.0
0.2879,18.259999999999998,99.0,-10.884125000000001,17.0,0.86,155.0,0.24,1.0,5.0,0.1642,1.0
0.2576,0.0,,0.0,19.0,0.75,,0.22,3.5,,0.1343,-7.45
0.2576,0.0,-22.322812499999998,0.0,20.0,0.75,78.0,0.22,1.0,6.0,0.1343,1.0
0.2576,1.0,,0.0,21.0,0.75,53.0,,1.0,6.0,0.1642,1.0
0.2576,1.0,43.0,0.0,22.0,0.81,34.0,0.18,1.0,6.0,0.1045,1.0
0.2424,1.0,46.0,0.0,23.0,0.81,15.0,0.16,1.0,6.0,0.1045,1.0
0.2576,6.0,18.0,0.0,1.0,0.87,3.0,0.16,1.0,6.0,0.1343,1.0
0.3182,11.0,17.0,0.0,2.0,0.87,2.0,0.16,1.0,6.0,0.0896,12.07
0.3485,7.0,11.0,-10.884125000000001,3.0,0.93,2.0,0.16,1.0,6.0,0.0896,
0.3636,10.0,8.0,0.0,5.0,0.93,3.0,0.16,2.0,6.0,0.0896,1.0
0.3636,8.0,9.0,0.0,6.0,0.93,22.0,,2.0,,0.1045,1.0
0.3939,4.0,4.0,0.0,7.0,0.93,52.0,0.16,2.0,6.0,0.1045,1.0
0.3485,16.0,4.0,-10.884125000000001,8.0,0.93,132.0,0.18,1.0,6.0,0.1045,
0.3333,5.0,20.0,0.0,10.0,0.93,47.0,0.16,1.0,6.0,0.1045,1.0
,,34.0,0.0,11.0,0.93,49.0,0.16,1.0,6.0,0.0,1.0
0.3485,3.0,52.0,0.0,12.0,0.93,-15.878937499999997,3.4328000000000003,-2.5,6.0,0.0,1.0
0.3333,6.0,55.0,0.0,14.0,0.93,,0.16,1.0,6.0,16.355,1.0
0.3182,,,0.0,16.0,0.93,45.0,3.4328000000000003,1.0,6.0,0.1343,1.0
0.2727,,78.0,0.0,17.0,0.93,61.0,0.16,1.0,6.0,0.194,1.0
0.2727,0.0,83.0,0.0,18.0,0.93,172.0,0.16,,6.0,0.1343,1.0
0.2576,0.0,84.0,0.0,19.0,0.82,165.0,0.16,2.0,6.0,0.194,1.0
0.2273,0.0,69.0,0.0,20.0,0.76,105.0,0.16,2.0,6.0,0.1343,1.0
0.2273,0.0,56.0,0.0,10.375,0.71,69.0,-2.388,2.0,6.0,0.3582,1.0
0.197,3.0,45.0,0.0,-12.625,0.53,64.0,3.4328000000000003,2.0,0.0,0.2239,1.0
0.197,7.0,59.0,0.0,23.0,0.42,34.0,0.14,1.0,0.0,0.3582,1.0
0.1818,4.0,39.0,0.0,0.0,0.45,15.0,0.14,1.0,0.0,0.194,1.0
5.2925,1.0,44.0,18.130475,1.0,0.48,2.0,0.16,1.0,0.0,-9.925,1.0
0.197,2.0,13.0,0.0,2.0,0.47,3.0,-2.388,1.0,0.0,0.1343,1.0
0.197,6.0,1.0,0.0,3.0,0.44,0.0,0.16,1.0,0.0,0.1045,1.0
0.1818,4.0,1.0,0.0,5.0,0.44,1.0,0.16,1.0,0.0,0.1343,1.0
0.1818,4.0,8.0,0.0,6.0,-7.178000000000001,1.0,0.18,2.0,0.0,,1.0
0.1818,1.0,23.0,0.0,7.0,-7.178000000000001,3.0,0.2,2.0,0.0,0.1642,1.0
0.1212,,45.0,0.0,8.0,0.43,17.0,0.2,2.0,0.0,0.0896,1.0
0.1364,3.0,89.0,0.0,9.0,0.43,48.0,0.22,2.0,0.0,0.1045,1.0
0.1061,8.0,117.0,0.0,10.0,0.5,154.0,0.24,2.0,0.0,,1.0
0.1061,0.0,174.0,0.0,11.0,0.43,119.0,0.24,2.0,0.0,0.194,1.0
0.0758,0.0,161.0,0.0,13.0,0.5,47.0,0.24,2.0,0.0,0.1642,1.0
0.1061,0.0,182.0,-10.884125000000001,14.0,0.47,61.0,0.24,2.0,0.0,0.1343,1.0
0.0758,1.0,157.0,0.0,10.375,0.43,74.0,-2.388,2.0,0.0,0.2537,0.0
0.0758,0.0,121.0,0.0,16.0,0.43,61.0,0.22,3.5,0.0,0.1642,0.0
0.1515,0.0,21.0,0.0,18.0,0.4,66.0,,2.0,0.0,-9.925,0.0
0.1061,4.0,26.0,0.0,19.0,0.4,95.0,0.2,2.0,0.0,0.1343,0.0
,1.0,27.0,0.0,-6.625,0.37,26.727362499999998,0.22,1.0,0.0,0.2537,0.0
0.1364,4.0,,0.0,21.0,,175.0,0.22,-2.5,0.0,0.0896,0.0
0.1818,8.0,30.0,-10.884125000000001,22.0,0.37,88.0,0.22,3.0,0.0,0.0896,0.0
0.1515,1.0,15.0,0.0,23.0,0.4,71.0,0.22,2.0,0.0,0.0896,0.0
0.1667,2.0,5.0,0.0,0.0,0.4,62.0,0.22,2.0,1.0,-9.925,0.0
0.1818,2.0,-22.322812499999998,0.0,1.0,0.4,26.727362499999998,0.22,2.0,1.0,0.1045,0.0
0.1818,3.0,1.0,0.0,2.0,0.47,29.0,0.22,2.0,1.0,0.0,0.0
0.1667,2.0,30.0,0.0,5.0,0.47,2.0,0.24,,1.0,0.0,0.0
0.1212,1.0,95.0,0.0,6.0,,1.0,0.22,3.0,1.0,0.0,0.0
0.1515,0.0,230.0,0.0,7.0,0.59,2.0,0.24,3.0,1.0,0.0,0.0
0.1515,0.0,118.0,0.0,8.0,0.63,39.0,0.24,3.0,-8.462499999999999,0.0,0.0
0.1515,0.0,55.0,0.0,9.0,0.63,86.0,0.34,3.0,1.0,0.0,0.0
0.1515,0.0,66.0,0.0,11.0,11.9068,184.0,0.38,2.0,1.0,,0.0
0.1364,0.0,64.0,0.0,12.0,11.9068,127.0,0.38,2.0,1.0,0.0,0.0
0.1212,0.0,60.0,0.0,13.0,0.74,50.0,0.36,2.0,1.0,0.0,0.0
0.1212,0.0,50.0,0.0,14.0,0.8,55.0,0.36,2.0,1.0,0.1045,0.0
0.0758,5.0,216.0,0.0,16.0,0.51,67.0,0.34,2.0,1.0,0.1045,0.0
0.1061,,,0.0,17.0,0.51,-15.878937499999997,0.28,2.0,1.0,-9.925,
0.1061,1.0,128.0,0.0,18.0,0.48,43.0,0.24,2.0,1.0,0.0,0.0
0.1212,1.0,-22.322812499999998,0.0,19.0,11.9068,56.0,0.22,2.0,1.0,0.0,-10.450000000000001
0.1364,4.0,78.0,0.0,20.0,0.45,73.0,0.22,2.0,1.0,0.194,0.0
0.197,0.0,10.0,0.0,23.0,0.56,-15.878937499999997,0.2,2.0,1.0,,
0.1818,4.0,4.0,0.0,0.0,0.6,,0.18,2.0,1.0,-9.925,0.0
0.1818,6.0,2.0,0.0,1.0,0.65,53.0,0.18,2.0,1.0,0.1045,0.0
0.1667,2.0,37.3936875,0.0,3.0,0.7,,0.16,3.0,1.0,0.194,0.0
0.1818,4.0,2.0,0.0,4.0,0.65,,0.14,3.0,2.0,0.2836,-7.45
0.197,4.0,100.0,0.0,5.0,0.7,7.0,0.14,,2.0,0.2239,0.0
0.1515,1.0,243.0,0.0,6.0,0.7,1.0,0.16,3.0,2.0,0.2537,0.0
0.1364,2.0,135.0,0.0,7.0,0.65,1.0,0.18,3.0,2.0,0.194,0.0
,0.0,65.0,0.0,10.0,0.93,26.0,0.2,3.0,2.0,0.2239,0.0
0.1818,1.0,50.0,0.0,11.0,1.0,87.0,0.2,3.0,2.0,0.2836,0.0
0.1667,1.0,64.0,0.0,-6.625,1.0,217.0,0.22,3.0,2.0,0.3284,0.0
0.1212,4.0,51.0,0.0,13.0,0.93,124.0,-2.388,3.0,-8.462499999999999,0.2836,0.0
0.1212,8.0,83.0,0.0,14.0,1.0,46.0,0.22,2.0,2.0,0.2836,0.0
0.1364,5.0,176.0,0.0,15.0,1.0,61.0,0.2,2.0,2.0,0.2985,0.0
0.2273,7.0,101.0,0.0,,1.0,78.0,,,2.0,0.194,0.0
0.2879,17.0,56.0,0.0,17.0,1.0,73.0,0.2,2.0,2.0,0.194,0.0
0.2879,14.0,29.0,,19.0,1.0,81.0,0.18,1.0,2.0,0.1045,0.0
0.3333,18.0,12.0,0.0,20.0,1.0,91.0,0.18,1.0,13.8775,0.0,0.0
0.3182,9.0,17.0,0.0,21.0,1.0,195.0,0.2,1.0,2.0,0.1343,0.0
0.303,,7.0,,22.0,1.0,152.0,0.2,1.0,2.0,0.1343,0.0
0.2273,2.0,,0.0,23.0,1.0,102.0,0.16,1.0,2.0,0.194,1.0
0.2273,,7.0,0.0,1.0,0.93,41.0,0.14,1.0,2.0,0.2239,1.0
,5.0,43.0,0.0,2.0,0.87,45.0,0.14,1.0,2.0,0.1045,1.0
0.197,3.0,99.0,0.0,3.0,1.0,30.0,0.16,1.0,2.0,0.1642,1.0
0.2121,2.0,199.0,0.0,4.0,0.93,36.0,0.14,1.0,3.0,0.0896,1.0
0.197,3.0,,0.0,5.0,0.93,17.0,0.14,1.0,3.0,0.1045,1.0
0.1667,0.0,59.0,18.130475,6.0,0.7,12.0,0.16,1.0,3.0,0.0896,
0.1515,2.0,69.0,0.0,9.0,0.6,-15.878937499999997,0.22,1.0,3.0,0.1045,1.0
0.1818,5.0,64.0,0.0,11.0,0.6,4.0,0.26,1.0,3.0,0.1045,1.0
0.2727,30.0,166.0,0.0,10.375,0.6,-15.878937499999997,0.28,1.0,3.0,0.0,1.0
5.2925,27.0,170.0,,14.0,0.65,17.0,3.4328000000000003,1.0,3.0,0.0,1.0
-3.4875,9.0,1.0,0.0,19.0,0.49,62.0,-2.388,1.0,3.0,0.0,
0.2576,6.0,,0.0,20.0,0.46,50.0,0.24,1.0,3.0,0.0,1.0
0.2121,0.0,,0.0,22.0,0.46,63.0,0.24,1.0,3.0,0.0,1.0
0.2727,0.0,45.0,0.0,0.0,0.49,81.0,0.24,1.0,,0.0,1.0
0.2273,1.0,69.0,0.0,1.0,0.46,78.0,0.24,1.0,3.0,0.0,1.0
0.2273,12.0,62.0,0.0,2.0,0.56,64.0,0.24,1.0,3.0,0.0896,1.0
0.2727,19.0,48.0,-10.884125000000001,3.0,0.61,53.0,0.24,1.0,3.0,0.0,1.0
,26.0,50.0,,4.0,0.61,43.0,0.22,1.0,3.0,0.1343,1.0
0.3182,58.0,80.0,0.0,5.0,0.6,52.0,0.2,,3.0,0.0,1.0
0.3939,62.0,165.0,0.0,6.0,0.6,37.0,3.4328000000000003,1.0,3.0,0.1045,1.0
0.4091,40.0,160.0,0.0,7.0,0.65,40.0,0.22,,3.0,0.1343,1.0
0.4242,28.0,112.0,0.0,8.0,0.65,20.0,0.2,-2.5,3.0,0.1343,1.0
0.4091,17.0,72.0,0.0,,0.75,10.0,0.2,2.0,3.0,0.1343,1.0
0.4091,11.0,51.0,0.0,11.0,0.8,2.0,-2.388,2.0,4.0,0.0896,1.0
-3.4875,15.0,34.0,,12.0,0.86,1.0,0.22,2.0,-8.462499999999999,0.194,17.07
-3.4875,5.0,14.0,0.0,13.0,0.86,1.0,0.22,2.0,4.0,0.1045,1.0
0.4091,3.0,-22.322812499999998,-10.884125000000001,14.0,11.9068,-15.878937499999997,0.22,2.0,4.0,0.194,1.0
0.3939,3.0,3.0,0.0,15.0,0.93,21.0,0.22,2.0,4.0,-9.925,1.0
0.3939,7.0,64.0,18.130475,19.0,0.75,26.727362499999998,0.22,3.5,4.0,0.1343,1.0
0.4091,8.0,71.0,0.0,20.0,0.65,135.0,0.24,2.0,4.0,0.2836,1.0
0.5,18.259999999999998,84.0,0.0,22.0,0.62,26.727362499999998,0.28,2.0,13.8775,0.1045,1.0
0.5303,27.0,74.0,0.0,23.0,11.9068,130.0,0.28,1.0,4.0,0.1045,1.0
0.5455,27.0,125.0,0.0,0.0,0.57,115.0,0.3,2.0,4.0,0.2239,1.0
0.5303,19.0,174.0,0.0,2.0,0.57,65.0,0.26,2.0,4.0,16.355,1.0
0.4545,25.0,63.0,0.0,5.0,0.66,21.0,0.26,2.0,4.0,0.0896,1.0
0.3182,8.0,43.0,0.0,-6.625,0.7,-15.878937499999997,0.26,2.0,4.0,0.0,1.0
0.2879,1.0,30.0,,9.0,0.81,14.0,,2.0,4.0,0.194,1.0
0.2727,7.0,24.0,0.0,10.0,0.81,4.0,0.26,2.0,4.0,0.2239,1.0
0.1818,0.0,4.0,0.0,13.0,0.93,1.0,0.26,2.0,4.0,0.1642,1.0
0.1818,0.0,1.0,-10.884125000000001,14.0,0.93,1.0,0.24,2.0,4.0,0.3881,1.0
0.2121,5.0,43.0,0.0,16.0,,9.0,0.24,2.0,4.0,16.355,1.0
0.2727,,84.0,0.0,17.0,0.7,29.0,0.28,2.0,4.0,0.2985,1.0
0.3182,10.0,114.0,0.0,18.0,0.65,89.0,0.3,2.0,4.0,0.5224,1.0
0.3333,11.0,120.0,0.0,19.0,0.56,223.0,0.32,2.0,4.0,0.5522,1.0
0.3182,21.0,135.0,-10.884125000000001,20.0,0.52,115.0,0.34,2.0,4.0,0.4925,1.0
0.303,15.0,120.0,0.0,21.0,0.47,49.0,0.34,3.0,-8.462499999999999,0.5522,1.0
0.303,14.0,174.0,,22.0,0.47,36.0,0.34,3.0,5.0,0.3284,1.0
0.2727,3.0,137.0,0.0,,0.32,54.0,0.34,3.0,5.0,0.2537,1.0
0.2576,0.0,41.0,0.0,1.0,0.37,52.0,0.34,3.0,5.0,0.4478,1.0
0.2576,0.0,40.0,0.0,2.0,0.35,26.727362499999998,0.3,3.0,5.0,0.4478,1.0
0.197,0.0,45.0,0.0,5.0,0.32,207.0,0.28,3.0,5.0,0.5224,1.0
0.197,0.0,39.0,0.0,7.0,0.32,170.0,0.28,3.0,13.8775,0.2537,1.0
0.197,1.0,24.0,0.0,8.0,0.4,123.0,0.26,3.0,5.0,0.2537,1.0
0.2121,2.0,2.0,0.0,10.0,0.33,75.0,0.24,3.0,5.0,0.2985,1.0
0.2273,14.0,-22.322812499999998,0.0,11.0,11.9068,34.0,0.24,3.0,5.0,0.3582,1.0
0.303,7.0,3.0,0.0,12.0,0.33,19.0,0.22,,5.0,0.3284,1.0
0.3939,-11.1,12.0,0.0,13.0,0.36,6.0,0.2,3.0,5.0,0.3582,1.0
0.4242,13.0,47.0,0.0,14.0,0.36,4.0,0.2,2.0,5.0,0.2985,17.07
0.4545,17.0,105.0,0.0,15.0,0.38,26.727362499999998,0.2,2.0,5.0,0.3284,1.0
0.4545,35.0,112.0,0.0,16.0,0.45,1.0,0.2,2.0,5.0,0.4478,1.0
0.4545,26.0,-22.322812499999998,0.0,17.0,0.45,3.0,0.18,1.0,5.0,0.3582,1.0
0.4545,11.0,154.0,0.0,18.0,0.45,2.0,0.18,1.0,5.0,0.4179,
0.4091,20.0,161.0,0.0,19.0,0.49,39.0,0.16,1.0,13.8775,0.3881,1.0
,10.0,134.0,0.0,21.0,0.39,236.0,0.22,-2.5,5.0,0.3284,
0.3485,,125.0,0.0,22.0,0.36,128.0,0.24,1.0,5.0,0.2537,1.0
-3.4875,2.0,61.0,0.0,23.0,0.43,44.0,0.3,,5.0,0.194,1.0
0.3182,2.0,51.0,0.0,1.0,0.4,49.0,0.32,-2.5,-8.462499999999999,0.1642,1.0
0.3333,3.0,,0.0,2.0,0.4,63.0,0.36,1.0,5.0,0.0,1.0
0.3182,3.0,30.0,0.0,5.0,0.34,48.0,0.36,1.0,6.0,0.0896,1.0
0.303,3.0,7.0,0.0,7.0,0.37,61.0,0.38,1.0,6.0,0.1045,1.0
0.3939,18.0,3.0,18.130475,10.0,0.47,79.0,,,6.0,0.0896,1.0
0.4394,19.0,,0.0,11.0,-7.178000000000001,172.0,0.34,1.0,6.0,0.1045,1.0
0.4697,,98.0,0.0,12.0,0.86,151.0,0.32,1.0,6.0,0.0,-10.450000000000001
0.5152,15.0,-22.322812499999998,,13.0,0.86,100.0,0.32,1.0,6.0,,1.0
5.2925,,,0.0,14.0,0.8,53.0,0.32,1.0,6.0,0.1045,1.0
0.5455,18.0,53.0,0.0,15.0,0.8,46.0,3.4328000000000003,1.0,6.0,0.1045,-7.45
0.5152,11.0,126.0,0.0,16.0,0.86,29.0,0.3,1.0,-8.462499999999999,0.1343,1.0
0.4697,14.0,120.0,0.0,17.0,-7.178000000000001,-15.878937499999997,0.28,1.0,6.0,0.0,1.0
0.4848,8.0,37.3936875,0.0,19.0,0.59,-15.878937499999997,0.26,1.0,6.0,0.1343,1.0
0.4394,12.0,37.3936875,0.0,21.0,-7.178000000000001,2.0,0.28,1.0,6.0,0.1343,1.0
0.4394,1.0,98.0,0.0,22.0,0.5,7.0,0.26,1.0,6.0,0.1343,1.0
0.4545,2.0,43.0,0.0,0.0,0.42,95.0,0.26,1.0,6.0,0.1642,1.0
0.4545,0.0,45.0,,1.0,0.42,198.0,0.24,1.0,,0.1642,1.0
0.4545,1.0,20.0,0.0,2.0,0.39,119.0,0.24,1.0,6.0,0.2239,1.0
0.4394,2.0,19.0,0.0,3.0,0.34,,0.24,1.0,6.0,0.1642,1.0
,8.0,,18.130475,10.375,0.29,40.0,0.22,1.0,6.0,0.2537,1.0
0.4242,15.0,1.0,0.0,6.0,0.25,67.0,0.24,1.0,6.0,0.2239,1.0
0.4394,17.0,4.0,0.0,7.0,0.27,56.0,0.24,1.0,6.0,0.1343,
0.4394,,30.0,0.0,8.0,0.26,61.0,0.22,1.0,6.0,0.1045,1.0
0.4848,59.0,105.0,0.0,9.0,0.28,72.0,0.22,1.0,6.0,0.1343,1.0
0.6212,45.0,223.0,0.0,10.0,,157.0,0.22,1.0,6.0,0.1642,1.0
0.6212,73.0,110.0,0.0,11.0,0.31,168.0,0.22,1.0,0.0,0.1642,1.0
0.6212,55.0,52.0,0.0,12.0,0.39,87.0,0.2,1.0,0.0,-9.925,1.0
5.2925,68.0,37.3936875,0.0,13.0,0.39,84.0,0.16,2.0,0.0,,1.0
0.6212,18.259999999999998,71.0,0.0,14.0,0.42,83.0,0.16,1.0,0.0,0.1642,1.0
0.6212,29.0,82.0,0.0,15.0,0.49,42.0,0.14,1.0,0.0,0.1642,1.0
,18.259999999999998,85.0,0.0,17.0,0.54,37.0,0.12,1.0,0.0,0.1642,1.0
0.5455,11.0,98.0,0.0,18.0,0.63,16.0,0.12,2.0,0.0,0.1642,1.0
0.5152,19.0,206.0,0.0,19.0,0.68,7.0,0.1,2.0,0.0,0.1343,1.0
0.5,,212.0,-10.884125000000001,20.0,0.73,3.0,0.1,2.0,0.0,0.0896,1.0
0.4697,6.0,37.3936875,0.0,21.0,,1.0,0.08,2.0,0.0,-9.925,1.0
0.4394,3.0,66.0,0.0,22.0,0.74,6.0,0.06,2.0,13.8775,0.0896,1.0
0.4242,0.0,41.0,0.0,23.0,0.69,26.0,0.06,2.0,0.0,0.0896,1.0
0.4091,0.0,20.0,,0.0,0.47,99.0,0.06,2.0,0.0,,1.0
0.4091,0.0,15.0,0.0,1.0,0.47,173.0,0.06,2.0,-8.462499999999999,0.1343,1.0
0.3939,6.0,1.0,0.0,3.0,0.26,34.0,0.1,2.0,0.0,0.1343,1.0
0.3939,9.0,1.0,,4.0,0.21,44.0,0.12,1.0,0.0,0.1642,1.0
0.4091,18.0,5.0,,6.0,0.28,65.0,0.14,1.0,0.0,0.1642,1.0
0.4242,34.0,33.0,0.0,7.0,0.24,59.0,0.14,2.0,0.0,0.0,1.0
0.4394,47.0,108.0,0.0,8.0,0.28,42.0,0.18,2.0,0.0,0.0,1.0
0.4394,38.0,230.0,,9.0,0.33,50.0,0.18,2.0,0.0,0.1343,1.0
0.4394,84.0,69.0,0.0,11.0,0.59,159.0,0.2,3.0,0.0,0.2836,1.0
0.4242,36.0,86.0,0.0,13.0,0.69,157.0,0.2,1.0,0.0,0.4478,1.0
0.3182,21.0,93.0,0.0,14.0,0.69,-15.878937499999997,0.2,1.0,13.8775,16.355,0.0
,9.0,117.0,0.0,16.0,0.8,70.0,0.14,1.0,0.0,0.2537,0.0
0.2727,4.0,-22.322812499999998,0.0,17.0,0.8,47.0,0.14,1.0,1.0,,0.0
,3.0,,0.0,20.0,0.93,12.0,0.16,1.0,1.0,0.2239,0.0
0.197,5.0,118.0,0.0,21.0,0.8,6.0,0.16,1.0,13.8775,0.194,0.0
0.1818,9.0,73.0,0.0,23.0,0.86,3.0,0.14,1.0,1.0,0.4179,0.0
0.1818,-11.1,,0.0,0.0,0.64,,0.14,1.0,1.0,0.3284,0.0
0.1818,1.0,17.0,0.0,1.0,0.41,23.0,0.14,2.0,1.0,0.0896,0.0
0.2273,2.0,6.0,0.0,2.0,0.28,73.0,0.14,1.0,1.0,0.3582,0.0
-3.4875,7.0,6.0,0.0,3.0,0.39,212.0,0.12,1.0,1.0,0.2239,0.0
0.2576,34.0,4.0,0.0,4.0,0.39,132.0,0.12,-2.5,1.0,16.355,0.0
0.303,72.0,4.0,0.0,5.0,0.31,39.0,0.1,1.0,1.0,0.1642,0.0
0.3182,62.0,12.0,,6.0,0.29,52.0,0.1,1.0,1.0,0.1045,0.0
0.3333,,47.0,0.0,7.0,0.29,64.0,0.12,,1.0,0.1045,0.0
0.3636,66.0,126.0,0.0,8.0,0.31,89.0,-2.388,1.0,1.0,0.2537,0.0
0.3636,59.0,285.0,0.0,9.0,0.38,67.0,0.14,1.0,1.0,0.2537,0.0
0.3485,,179.0,0.0,10.0,0.38,62.0,0.16,1.0,1.0,,0.0
0.3333,30.0,88.0,0.0,11.0,0.41,111.0,0.18,1.0,1.0,0.0,0.0
0.3636,12.0,101.0,0.0,13.0,0.44,165.0,0.2,1.0,1.0,0.0896,0.0
0.303,4.0,81.0,0.0,15.0,0.64,61.0,0.2,1.0,1.0,0.1045,0.0
0.303,7.0,146.0,0.0,17.0,,46.0,3.4328000000000003,1.0,1.0,0.0,0.0
0.303,2.0,274.0,0.0,18.0,0.69,,0.16,1.0,1.0,0.1642,0.0
0.303,2.0,175.0,0.0,20.0,0.69,27.0,0.14,1.0,1.0,0.1343,0.0
0.3182,1.0,139.0,-10.884125000000001,21.0,0.55,22.0,0.14,,1.0,-9.925,0.0
0.3636,1.0,124.0,0.0,22.0,0.64,13.0,0.12,1.0,2.0,0.0,17.07
0.4242,3.0,44.0,0.0,0.0,0.45,4.0,0.12,3.5,13.8775,0.0,0.0
0.303,7.0,32.0,0.0,1.0,0.39,1.0,0.1,2.0,2.0,0.0,0.0
0.3333,20.0,8.0,0.0,2.0,0.32,1.0,0.1,2.0,2.0,0.0,0.0
0.3182,,7.0,0.0,4.0,0.29,9.0,0.1,1.0,2.0,0.0,0.0
0.2727,28.0,8.0,0.0,5.0,0.3,28.0,0.08,-2.5,2.0,0.0,0.0
0.303,15.0,1.0,0.0,6.0,0.3,38.0,0.1,2.0,2.0,0.0,0.0
0.2727,11.0,7.0,0.0,7.0,0.28,71.0,0.08,,2.0,0.0,0.0
0.2424,8.0,50.0,0.0,8.0,0.28,84.0,0.1,,2.0,0.0,0.0
0.2121,0.0,95.0,0.0,12.0,0.35,127.0,0.22,3.0,2.0,0.0,0.0
0.197,1.0,113.0,0.0,13.0,0.35,103.0,0.24,2.0,2.0,0.0,0.0
0.1667,0.0,185.0,0.0,14.0,0.35,113.0,-2.388,3.0,2.0,0.1045,0.0
0.1212,0.0,172.0,0.0,17.0,,39.0,0.3,3.0,2.0,0.0896,0.0
0.1212,5.0,232.0,0.0,18.0,0.46,42.0,0.28,3.0,2.0,0.0896,0.0
0.1818,0.0,327.0,0.0,19.0,0.53,39.0,0.26,2.0,2.0,0.0896,0.0
0.2273,7.0,224.0,,20.0,0.53,31.0,0.22,2.0,2.0,16.355,0.0
0.2273,7.0,107.0,0.0,22.0,0.46,23.0,0.2,1.0,2.0,0.1343,0.0
-3.4875,6.0,29.0,0.0,23.0,0.4,19.0,0.18,1.0,2.0,,0.0
0.1818,4.0,-22.322812499999998,0.0,0.0,0.37,8.0,0.16,1.0,2.0,0.1045,0.0
0.197,3.0,17.0,0.0,1.0,0.33,2.0,0.14,1.0,3.0,,0.0
0.197,2.0,,0.0,3.0,0.23,3.0,0.14,1.0,3.0,0.0896,
0.1364,0.0,3.0,0.0,5.0,0.19,11.0,0.12,1.0,3.0,0.0,1.0
0.1515,0.0,,0.0,6.0,0.15,35.0,0.12,1.0,3.0,0.0,1.0
0.1364,0.0,37.3936875,0.0,8.0,0.27,86.0,0.12,1.0,3.0,0.0,1.0
0.1515,0.0,,0.0,9.0,0.33,94.0,0.12,1.0,3.0,0.1045,1.0
0.1515,0.0,106.0,0.0,10.0,0.4,92.0,0.14,1.0,3.0,0.1642,1.0
0.1515,,123.0,0.0,11.0,0.43,110.0,0.16,1.0,3.0,0.1642,1.0
0.1515,8.0,119.0,0.0,12.0,0.46,122.0,0.22,1.0,3.0,0.3284,1.0
0.2576,4.0,196.0,0.0,14.0,0.46,95.0,0.3,1.0,,0.3284,1.0
0.2576,16.0,171.0,-10.884125000000001,15.0,,78.0,-2.388,1.0,3.0,0.4179,1.0
0.2879,11.0,120.0,0.0,16.0,0.49,50.0,0.3,1.0,3.0,0.4925,1.0
0.3182,9.0,127.0,0.0,17.0,0.42,,0.34,1.0,3.0,0.4925,1.0
0.3485,18.0,59.0,0.0,18.0,0.41,45.0,0.34,1.0,3.0,0.5522,1.0
0.3636,15.0,47.0,0.0,19.0,0.37,31.0,0.34,1.0,3.0,0.4627,1.0
0.3485,15.0,33.0,0.0,20.0,0.32,27.0,0.32,1.0,13.8775,0.4925,1.0
0.3333,3.0,44.0,0.0,21.0,0.32,8.0,0.28,1.0,3.0,0.4478,1.0
0.3333,6.0,29.0,0.0,22.0,0.32,6.0,0.28,1.0,3.0,0.4179,1.0
0.2879,2.0,16.0,0.0,0.0,0.29,1.0,0.26,1.0,3.0,0.3881,1.0
0.2879,1.0,17.0,0.0,1.0,0.27,2.0,0.24,1.0,3.0,0.5224,1.0
0.2576,0.0,1.0,0.0,3.0,-7.178000000000001,25.0,0.22,3.5,3.0,0.5821,1.0
0.2576,,2.0,0.0,4.0,0.21,96.0,0.2,1.0,3.0,0.3881,1.0
0.2273,0.0,2.0,0.0,5.0,0.19,-15.878937499999997,0.2,,3.0,0.4627,-7.45
0.2121,0.0,24.0,0.0,6.0,0.19,122.0,-2.388,1.0,4.0,0.3284,1.0
0.2121,1.0,55.0,0.0,7.0,0.19,46.0,0.2,1.0,4.0,0.4627,1.0
0.197,0.0,104.0,-10.884125000000001,8.0,0.22,-15.878937499999997,0.2,1.0,4.0,0.3582,1.0
0.2121,4.0,198.0,0.0,11.0,0.33,76.0,0.22,1.0,4.0,0.3284,1.0
0.2879,8.0,168.0,0.0,13.0,0.44,71.0,0.24,1.0,4.0,0.3582,1.0
0.3333,10.0,147.0,0.0,14.0,0.44,,0.3,1.0,4.0,0.2239,1.0
0.3939,16.0,146.0,0.0,15.0,0.41,218.0,0.32,1.0,4.0,0.2836,1.0
,2.0,101.0,0.0,16.0,0.44,194.0,0.36,-2.5,-8.462499999999999,0.1343,1.0
0.3939,4.0,42.0,0.0,17.0,0.47,86.0,,,4.0,0.1045,1.0
0.3485,9.0,56.0,0.0,18.0,0.51,65.0,0.4,1.0,4.0,0.0,1.0
0.303,5.0,47.0,0.0,19.0,0.47,35.0,,1.0,4.0,0.1045,1.0
0.303,2.0,37.0,0.0,21.0,,19.0,0.42,1.0,4.0,0.0,1.0
0.303,7.0,13.0,-10.884125000000001,22.0,11.9068,12.0,0.42,1.0,4.0,0.1642,1.0
,,5.0,0.0,0.0,0.41,5.0,0.4,1.0,4.0,0.0,1.0
0.3485,1.0,1.0,0.0,1.0,0.34,2.0,0.4,1.0,13.8775,0.1642,1.0
0.3485,0.0,8.0,0.0,3.0,,1.0,0.4,1.0,4.0,0.2239,12.07
,1.0,19.0,0.0,4.0,0.3,4.0,0.4,1.0,4.0,0.2537,1.0
0.3333,1.0,63.0,0.0,5.0,0.28,30.0,0.4,1.0,4.0,0.2985,1.0
5.2925,0.0,57.0,0.0,6.0,0.28,,0.4,1.0,4.0,0.2836,1.0
0.3333,1.0,81.0,0.0,7.0,0.31,213.0,0.38,1.0,4.0,0.2537,1.0
0.3485,3.0,90.0,0.0,8.0,0.28,,0.38,1.0,4.0,0.2537,1.0
,7.0,,0.0,9.0,0.4,47.0,0.36,1.0,4.0,0.2985,1.0
0.5152,20.0,87.0,0.0,11.0,,46.0,0.34,1.0,5.0,0.2537,1.0
0.5303,-11.1,80.0,0.0,13.0,0.53,68.0,0.32,1.0,5.0,0.1642,
0.4545,5.0,66.0,0.0,,0.4,69.0,-2.388,1.0,5.0,0.1642,1.0
0.2727,,49.0,-10.884125000000001,15.0,0.53,74.0,0.34,1.0,5.0,0.1642,1.0
,7.0,29.0,18.130475,10.375,0.53,77.0,-2.388,,5.0,0.194,1.0
,-11.1,34.0,0.0,17.0,0.53,191.0,0.4,1.0,5.0,0.194,1.0
-3.4875,2.0,11.0,0.0,18.0,0.53,198.0,0.44,1.0,5.0,0.1343,1.0
0.2273,2.0,7.0,0.0,20.0,0.57,142.0,0.52,1.0,5.0,0.1343,1.0
0.2273,3.0,40.0,0.0,21.0,0.66,98.0,0.56,1.0,13.8775,0.2239,1.0
0.2121,2.0,114.0,0.0,22.0,0.7,61.0,0.58,1.0,5.0,,1.0
0.2576,1.0,44.0,0.0,0.0,0.57,20.0,-2.388,1.0,5.0,0.2836,1.0
0.2424,1.0,50.0,0.0,1.0,0.57,15.0,0.52,1.0,5.0,0.4179,1.0
0.2727,1.0,55.0,0.0,2.0,0.54,9.0,,1.0,5.0,0.3284,1.0
0.2879,,58.0,0.0,3.0,0.44,1.0,0.4,2.0,5.0,,1.0
0.2576,9.0,69.0,0.0,4.0,0.41,1.0,0.38,2.0,5.0,0.2985,1.0
0.303,14.0,86.0,0.0,5.0,0.34,5.0,0.36,2.0,5.0,0.3582,1.0
5.2925,26.0,196.0,0.0,6.0,11.9068,32.0,0.36,2.0,5.0,0.3881,1.0
0.3182,45.0,167.0,0.0,7.0,0.28,103.0,0.34,,5.0,0.2985,1.0
0.3182,38.0,118.0,,8.0,-7.178000000000001,26.727362499999998,0.32,2.0,5.0,0.2836,1.0
0.303,57.0,105.0,0.0,9.0,0.32,122.0,0.3,2.0,5.0,0.2537,1.0
0.3333,40.0,82.0,1.0,10.0,0.42,55.0,0.3,,,0.2985,1.0
0.3333,41.0,77.0,-10.884125000000001,11.0,0.55,59.0,0.28,1.0,5.0,0.194,1.0
0.3333,26.0,6.0,,13.0,0.55,,0.22,3.5,6.0,0.1343,1.0
0.303,30.0,4.0,1.0,14.0,0.59,65.0,0.2,2.0,-8.462499999999999,0.1045,1.0
0.2727,9.0,2.0,1.0,16.0,0.72,96.0,0.2,2.0,6.0,0.0896,17.07
0.2727,8.0,8.0,1.0,,0.72,,0.2,2.0,6.0,0.0,1.0
0.2576,5.0,36.0,1.0,18.0,0.72,202.0,0.22,1.0,6.0,0.0,1.0
0.2424,18.259999999999998,96.0,1.0,-6.625,0.67,143.0,0.24,1.0,6.0,0.1045,1.0
0.2727,2.0,235.0,,20.0,0.67,108.0,0.26,1.0,6.0,0.1045,1.0
0.2879,3.0,139.0,1.0,-6.625,0.67,87.0,0.28,1.0,6.0,0.0896,1.0
0.2424,0.0,51.0,18.130475,22.0,0.72,26.727362499999998,,1.0,6.0,0.0896,1.0
0.2879,2.0,69.0,1.0,23.0,0.77,31.0,0.34,1.0,6.0,0.0896,1.0
0.303,17.0,78.0,,1.0,0.77,6.0,0.34,1.0,6.0,0.0,12.07
0.303,24.0,72.0,1.0,2.0,11.9068,4.0,0.32,1.0,6.0,0.0,1.0
0.4091,61.0,222.0,1.0,4.0,0.59,1.0,0.28,1.0,6.0,0.1642,1.0
0.4545,98.0,109.0,1.0,8.0,0.36,26.727362499999998,0.24,1.0,6.0,0.194,1.0
0.4091,16.0,11.0,0.0,12.0,0.33,163.0,0.22,1.0,6.0,0.1343,1.0
0.3939,8.0,4.0,0.0,13.0,0.29,70.0,0.2,1.0,6.0,0.194,1.0
0.3939,2.0,2.0,0.0,14.0,0.31,71.0,0.2,1.0,6.0,16.355,1.0
-3.4875,1.0,104.0,0.0,17.0,0.08,86.0,0.2,1.0,6.0,0.1642,1.0
0.3636,1.0,137.0,0.0,10.375,0.12,108.0,0.2,1.0,-8.462499999999999,0.194,1.0
0.3485,1.0,57.0,0.0,19.0,0.14,55.0,0.2,1.0,6.0,0.0,1.0
0.3636,2.0,79.0,0.0,20.0,0.13,-15.878937499999997,0.2,1.0,6.0,0.0,1.0
0.303,13.0,95.0,0.0,21.0,0.14,117.0,0.22,1.0,0.0,0.0,1.0
0.4242,15.0,88.0,0.0,22.0,0.15,-15.878937499999997,0.24,1.0,0.0,0.1343,1.0
0.4545,1.0,177.0,0.0,1.0,0.17,,0.34,1.0,0.0,16.355,1.0
,1.0,137.0,0.0,2.0,0.17,131.0,,1.0,0.0,0.0896,1.0
0.4242,0.0,115.0,0.0,3.0,0.16,119.0,0.42,1.0,0.0,0.0,1.0
0.4545,4.0,55.0,0.0,6.0,0.18,40.0,0.46,1.0,0.0,0.0,1.0
0.4394,1.0,50.0,0.0,7.0,0.16,26.727362499999998,0.46,1.0,0.0,0.0,1.0
0.4394,0.0,9.0,0.0,10.375,0.15,7.0,0.46,1.0,0.0,0.0,12.07
0.3939,,37.3936875,0.0,9.0,0.16,,0.4,1.0,0.0,0.0896,
0.2879,0.0,3.0,0.0,10.0,0.16,6.0,,1.0,0.0,0.0896,1.0
0.2727,0.0,2.0,,11.0,,1.0,0.38,1.0,0.0,0.194,1.0
5.2925,0.0,11.0,0.0,12.0,0.25,6.0,0.36,1.0,0.0,0.1045,1.0
0.2121,0.0,35.0,0.0,13.0,0.29,48.0,0.34,,0.0,0.1343,1.0
0.1818,1.0,37.3936875,0.0,15.0,0.26,246.0,0.34,1.0,0.0,0.1343,1.0
0.1818,0.0,49.0,18.130475,,0.28,154.0,0.34,1.0,0.0,0.2537,1.0
0.1818,2.0,59.0,0.0,17.0,0.33,78.0,0.34,1.0,0.0,0.3284,1.0
0.197,8.0,,-10.884125000000001,18.0,0.35,82.0,0.34,1.0,0.0,0.4627,1.0
0.2121,13.0,85.0,0.0,,0.41,126.0,0.32,-2.5,0.0,0.4179,1.0
0.303,6.0,,,20.0,0.41,131.0,0.32,1.0,0.0,0.2836,1.0
0.3485,13.0,189.0,18.130475,21.0,0.44,118.0,0.3,1.0,0.0,0.4179,1.0
0.3333,18.0,157.0,0.0,22.0,0.44,117.0,0.32,1.0,0.0,0.4179,1.0
0.3636,7.0,37.3936875,0.0,23.0,0.47,164.0,0.32,1.0,0.0,0.5224,1.0
0.3182,10.0,50.0,0.0,8.0,0.47,195.0,0.38,1.0,,0.3284,1.0
0.303,4.0,39.0,0.0,9.0,0.41,146.0,0.44,1.0,1.0,0.1642,1.0
0.3182,2.0,28.0,0.0,10.0,0.33,105.0,0.48,1.0,1.0,0.2239,1.0
0.303,-11.1,27.0,0.0,11.0,-7.178000000000001,61.0,0.54,1.0,-8.462499999999999,0.0,1.0
0.2727,3.0,12.0,18.130475,,0.29,26.727362499999998,0.6,1.0,1.0,0.0896,1.0
0.2273,-11.1,8.0,0.0,13.0,0.27,61.0,0.6,,1.0,16.355,1.0
0.2273,3.0,2.0,,14.0,,,0.56,1.0,1.0,0.1045,1.0
0.2273,,10.0,0.0,15.0,0.29,,0.58,1.0,1.0,0.0896,0.0
0.2121,3.0,,0.0,17.0,0.36,,0.54,1.0,1.0,0.0896,0.0
0.2121,1.0,57.0,0.0,18.0,0.36,7.0,0.48,1.0,1.0,0.1045,0.0
0.2121,0.0,74.0,0.0,-6.625,0.42,3.0,0.48,2.0,1.0,0.1642,0.0
0.2121,1.0,85.0,0.0,20.0,-7.178000000000001,3.0,0.52,1.0,1.0,,0.0
0.2121,2.0,126.0,0.0,21.0,0.57,3.0,0.5,1.0,1.0,0.0,0.0
0.2576,7.0,174.0,0.0,23.0,0.42,26.727362499999998,0.46,2.0,1.0,0.194,0.0
0.303,8.0,165.0,0.0,0.0,0.42,37.0,0.44,1.0,1.0,0.2239,0.0
0.4091,20.0,171.0,0.0,1.0,0.42,72.0,0.44,1.0,1.0,0.3284,0.0
0.4848,35.0,183.0,0.0,2.0,0.42,-15.878937499999997,0.44,1.0,,0.4478,0.0
0.5152,19.0,94.0,18.130475,3.0,0.45,81.0,0.46,2.0,1.0,0.4627,0.0
0.5152,27.0,68.0,0.0,5.0,0.36,103.0,0.46,2.0,1.0,0.3582,0.0
0.4848,30.0,37.3936875,0.0,6.0,0.26,94.0,0.46,1.0,1.0,,0.0
0.4545,8.0,46.0,0.0,,0.26,87.0,,1.0,1.0,0.2985,0.0
5.2925,-11.1,34.0,0.0,8.0,0.57,81.0,0.42,1.0,1.0,0.3284,0.0
0.3333,9.0,34.0,0.0,9.0,0.57,91.0,0.42,1.0,1.0,0.3284,0.0
0.2576,4.0,37.0,0.0,10.0,0.57,67.0,0.42,1.0,2.0,0.2985,0.0
-3.4875,3.0,11.0,0.0,12.0,0.66,38.0,0.44,1.0,,0.2836,0.0
0.197,0.0,2.0,0.0,13.0,0.81,29.0,0.5,1.0,2.0,0.3284,0.0
-3.4875,1.0,3.0,0.0,14.0,0.76,42.0,0.6,1.0,2.0,0.3582,0.0
,0.0,,0.0,15.0,0.7,25.0,0.66,1.0,2.0,0.2985,0.0
0.1212,0.0,35.0,-10.884125000000001,16.0,0.75,14.0,0.66,1.0,2.0,,0.0
0.1212,1.0,59.0,0.0,-6.625,0.75,11.0,0.66,1.0,2.0,0.3582,0.0
0.0909,1.0,125.0,0.0,19.0,0.87,9.0,0.64,1.0,2.0,0.3582,0.0
0.1364,10.0,-22.322812499999998,0.0,21.0,0.75,1.0,0.6,1.0,2.0,0.2985,0.0
0.1818,7.0,282.0,0.0,22.0,0.75,2.0,0.58,1.0,2.0,0.2239,
0.2273,10.0,261.0,0.0,23.0,0.75,22.0,0.54,1.0,2.0,0.2836,0.0
0.2576,13.0,-22.322812499999998,-10.884125000000001,1.0,,70.0,0.48,1.0,2.0,0.2836,0.0
0.2576,18.0,127.0,-10.884125000000001,2.0,0.8,89.0,0.46,1.0,2.0,0.2985,0.0
0.2879,6.0,102.0,0.0,3.0,0.74,120.0,0.44,1.0,2.0,0.2985,0.0
0.303,17.0,69.0,0.0,6.0,0.64,104.0,0.4,1.0,2.0,0.4627,0.0
0.2121,6.0,69.0,18.130475,7.0,0.59,102.0,0.4,1.0,2.0,0.3881,0.0
0.2121,3.0,8.0,0.0,,0.55,26.727362499999998,0.4,1.0,2.0,0.2239,0.0
0.2576,3.0,1.0,0.0,10.0,0.48,86.0,0.38,1.0,2.0,0.2537,0.0
0.1818,0.0,92.0,0.0,13.0,0.47,30.0,0.42,1.0,2.0,0.4478,0.0
0.1818,0.0,255.0,0.0,,0.47,39.0,0.44,1.0,3.0,0.3881,0.0
0.1818,0.0,87.0,,17.0,0.43,30.0,0.46,2.0,3.0,0.6567,0.0
0.197,,32.0,0.0,19.0,0.5,11.0,0.44,2.0,3.0,0.4627,0.0
0.2273,12.0,25.0,0.0,20.0,0.46,3.0,0.44,2.0,3.0,0.6119,0.0
0.2273,10.0,35.0,-10.884125000000001,21.0,0.5,3.0,0.42,1.0,3.0,,0.0
0.2727,16.0,42.0,0.0,22.0,0.5,0.0,0.36,1.0,13.8775,0.4925,0.0
0.303,10.0,79.0,0.0,23.0,0.5,2.0,0.34,1.0,3.0,0.4627,0.0
0.3182,13.0,131.0,0.0,0.0,0.5,6.0,0.32,1.0,3.0,0.5224,0.0
0.3333,30.0,80.0,0.0,1.0,0.54,16.0,0.32,1.0,-8.462499999999999,0.6567,0.0
0.3485,17.0,80.0,0.0,3.0,0.51,56.0,0.3,1.0,3.0,0.4925,0.0
0.3333,22.0,76.0,0.0,5.0,0.4,,0.28,,3.0,0.4179,0.0
,15.0,45.0,0.0,6.0,0.41,52.0,0.26,1.0,,0.7761,1.0
0.2879,9.0,3.0,0.0,8.0,0.28,67.0,0.24,1.0,3.0,0.6866,1.0
0.303,6.0,37.3936875,0.0,11.0,0.25,76.0,0.22,2.0,-8.462499999999999,0.4627,1.0
0.3182,5.0,46.0,0.0,13.0,,62.0,0.2,2.0,3.0,0.3284,1.0
,5.0,107.0,0.0,14.0,0.33,64.0,0.18,2.0,3.0,0.3582,1.0
0.2879,1.0,56.0,0.0,18.0,0.55,11.0,0.3,1.0,3.0,0.3582,1.0
0.2727,5.0,,0.0,19.0,0.55,2.0,0.3,1.0,3.0,0.4478,1.0
0.2727,11.0,78.0,0.0,20.0,0.6,7.0,0.34,1.0,3.0,0.2836,1.0
0.3333,,64.0,0.0,22.0,0.64,40.0,0.36,1.0,3.0,0.2537,17.07
0.4091,43.0,102.0,,23.0,0.64,107.0,0.36,1.0,4.0,0.2537,1.0
0.4545,60.0,224.0,18.130475,1.0,0.69,44.0,0.36,1.0,4.0,,1.0
0.4697,80.0,119.0,0.0,2.0,0.72,43.0,0.34,1.0,4.0,0.2239,1.0
0.4545,83.0,,0.0,3.0,0.7,48.0,0.34,1.0,4.0,0.1642,
0.4697,74.0,63.0,0.0,4.0,0.75,52.0,0.34,1.0,4.0,0.2537,1.0
0.4697,37.0,25.0,0.0,6.0,0.57,67.0,0.34,,4.0,0.2239,12.07
0.4394,12.0,4.0,0.0,8.0,0.54,188.0,0.32,1.0,4.0,0.1343,1.0
0.4394,10.0,2.0,0.0,9.0,0.5,161.0,0.3,1.0,4.0,0.1343,1.0
0.4242,12.0,1.0,0.0,11.0,0.62,102.0,0.34,1.0,4.0,0.1045,1.0
0.4091,5.0,5.0,0.0,12.0,0.66,80.0,0.34,1.0,4.0,0.0,
0.4242,2.0,40.0,,13.0,0.87,76.0,0.34,1.0,4.0,0.0,1.0
0.4242,-11.1,110.0,0.0,14.0,0.93,18.0,0.32,1.0,4.0,0.0896,1.0
0.4242,1.0,256.0,0.0,20.375,0.93,6.0,0.34,1.0,4.0,0.0896,1.0
0.4242,0.0,148.0,0.0,16.0,0.87,4.0,0.42,1.0,4.0,0.0896,1.0
0.4091,1.0,76.0,0.0,17.0,0.87,1.0,0.42,1.0,4.0,0.194,1.0
0.4242,4.0,73.0,-10.884125000000001,18.0,0.93,2.0,0.32,1.0,4.0,0.194,1.0
0.4242,4.0,82.0,0.0,19.0,,8.0,-2.388,1.0,-8.462499999999999,0.194,1.0
0.4242,18.0,125.0,0.0,20.0,1.0,26.727362499999998,0.32,1.0,4.0,0.2239,1.0
0.4545,10.0,96.0,0.0,21.0,1.0,94.0,0.32,1.0,4.0,0.2239,1.0
0.303,2.0,150.0,-10.884125000000001,0.0,0.93,-15.878937499999997,0.32,1.0,4.0,0.1642,1.0
0.2879,0.0,95.0,18.130475,1.0,1.0,53.0,0.3,1.0,4.0,0.2836,1.0
0.2576,0.0,71.0,0.0,2.0,-7.178000000000001,56.0,0.28,1.0,,0.3881,1.0
0.2424,3.0,48.0,0.0,3.0,0.93,78.0,0.28,1.0,,0.2985,1.0
0.1818,1.0,22.0,0.0,4.0,0.94,61.0,0.24,1.0,4.0,0.3284,17.07
0.197,0.0,13.0,0.0,6.0,0.77,54.0,0.24,1.0,5.0,,1.0
5.2925,0.0,1.0,0.0,7.0,0.6,79.0,0.24,1.0,5.0,0.4179,1.0
0.1818,0.0,3.0,0.0,8.0,0.6,207.0,0.22,1.0,5.0,16.355,1.0
0.1515,0.0,1.0,0.0,10.0,,-15.878937499999997,0.2,1.0,5.0,0.3881,1.0
0.1818,0.0,35.0,0.0,-6.625,0.41,,0.2,1.0,5.0,0.2836,1.0
0.1818,3.0,111.0,0.0,12.0,,107.0,0.12,1.0,5.0,0.2239,17.07
0.1667,3.0,220.0,0.0,13.0,-7.178000000000001,89.0,0.12,1.0,5.0,,1.0
5.2925,,56.0,0.0,15.0,0.52,38.0,0.14,1.0,5.0,0.194,1.0
0.2121,15.0,-22.322812499999998,0.0,16.0,0.49,11.0,0.16,1.0,5.0,0.194,1.0
0.2121,19.0,72.0,0.0,17.0,0.48,7.0,0.16,,5.0,0.194,1.0
0.2727,28.0,80.0,0.0,18.0,0.48,4.0,0.2,1.0,5.0,-9.925,1.0
0.2879,16.0,78.0,0.0,,0.48,2.0,0.22,1.0,5.0,0.194,1.0
0.303,32.0,68.0,-10.884125000000001,20.0,0.52,3.0,0.22,1.0,5.0,0.2239,1.0
0.303,,71.0,0.0,21.0,0.52,,0.24,1.0,5.0,0.2239,1.0
0.303,27.0,,0.0,20.375,0.6,104.0,0.22,-2.5,5.0,0.194,1.0
0.303,19.0,167.0,0.0,,0.55,,0.22,2.0,5.0,0.194,1.0
0.2727,1.0,51.0,0.0,1.0,0.6,133.0,0.22,1.0,5.0,0.0896,1.0
0.2879,1.0,12.0,0.0,6.0,0.6,71.0,0.2,3.5,5.0,0.1343,
0.2424,1.0,4.0,0.0,7.0,0.6,85.0,0.2,,5.0,0.1045,1.0
0.2576,5.0,2.0,0.0,8.0,0.56,,0.16,1.0,5.0,0.0896,1.0
0.2727,0.0,1.0,0.0,9.0,0.49,67.0,0.16,1.0,5.0,0.194,1.0
0.2273,2.0,1.0,0.0,10.0,0.45,58.0,0.14,-2.5,5.0,0.194,1.0
0.197,9.0,29.0,0.0,12.0,0.42,168.0,0.14,2.0,5.0,0.2537,1.0
0.2273,10.0,83.0,0.0,13.0,0.36,26.727362499999998,,2.0,,0.2239,1.0
0.2576,11.0,228.0,0.0,14.0,11.9068,112.0,0.12,2.0,6.0,0.2239,1.0
0.2879,25.0,150.0,0.0,15.0,0.46,-15.878937499999997,0.12,2.0,6.0,0.2239,1.0
0.3485,26.0,,0.0,16.0,11.9068,76.0,,2.0,6.0,0.2537,1.0
0.3939,25.0,89.0,0.0,17.0,0.46,50.0,0.12,2.0,6.0,,1.0
5.2925,18.259999999999998,97.0,0.0,18.0,-7.178000000000001,-15.878937499999997,0.14,2.0,6.0,,1.0
0.3939,26.0,87.0,0.0,19.0,0.56,,0.18,2.0,6.0,0.2836,
5.2925,21.0,106.0,0.0,21.0,0.65,9.0,0.2,2.0,6.0,0.3284,1.0
0.3485,9.0,118.0,,22.0,0.75,3.0,0.24,2.0,6.0,0.3284,
0.2879,7.0,187.0,0.0,0.0,0.87,5.0,0.3,2.0,6.0,0.3881,1.0
0.2727,3.0,37.3936875,-10.884125000000001,1.0,0.87,,0.32,2.0,6.0,0.2836,1.0
0.2879,0.0,87.0,0.0,2.0,0.87,34.0,0.34,2.0,6.0,0.2985,1.0
5.2925,0.0,70.0,0.0,3.0,0.87,70.0,0.34,2.0,6.0,0.2836,1.0
0.2727,1.0,44.0,0.0,4.0,0.87,111.0,0.34,2.0,6.0,0.2239,1.0
0.2576,1.0,46.0,0.0,5.0,0.87,42.0,0.32,2.0,6.0,0.2836,
0.2576,0.0,19.0,0.0,6.0,0.87,50.0,0.3,2.0,13.8775,0.2537,1.0
0.2576,5.0,20.0,0.0,8.0,0.87,77.0,0.24,3.0,6.0,0.1045,1.0
0.2424,18.0,2.0,18.130475,9.0,0.81,71.0,0.24,2.0,6.0,0.1642,1.0
0.2424,11.0,1.0,0.0,10.0,0.62,,0.22,2.0,6.0,0.2239,1.0
0.2424,5.0,3.0,0.0,11.0,0.54,,0.22,3.0,6.0,0.194,1.0
-3.4875,8.0,4.0,,12.0,0.47,181.0,0.22,2.0,6.0,16.355,1.0
,15.0,15.0,,13.0,0.47,150.0,0.2,2.0,6.0,0.2239,1.0
0.303,14.0,45.0,0.0,14.0,0.44,86.0,-2.388,2.0,6.0,0.1642,1.0
0.303,10.0,103.0,0.0,16.0,0.54,56.0,0.2,3.0,6.0,0.194,1.0
0.3333,15.0,159.0,-10.884125000000001,17.0,0.54,43.0,0.2,,0.0,0.194,1.0
0.303,10.0,,0.0,18.0,11.9068,37.0,0.2,,,0.2985,1.0
,,190.0,0.0,,0.54,25.0,0.24,3.0,0.0,0.3284,1.0
0.3182,12.0,198.0,0.0,20.0,0.62,25.0,0.24,2.0,0.0,0.2836,1.0
0.303,10.0,164.0,,23.0,0.66,1.0,0.36,2.0,0.0,0.3284,
0.3333,1.0,89.0,0.0,1.0,0.93,6.0,0.4,1.0,0.0,0.5821,1.0
0.3182,0.0,72.0,0.0,3.0,0.96,55.0,0.4,1.0,0.0,0.194,1.0
0.3182,0.0,63.0,0.0,4.0,0.93,65.0,0.38,1.0,0.0,,1.0
0.3485,1.0,,0.0,5.0,0.93,71.0,0.36,1.0,0.0,0.2537,1.0
0.3939,1.0,39.0,0.0,10.375,-7.178000000000001,100.0,0.34,1.0,0.0,0.2836,1.0
0.4091,1.0,32.0,0.0,8.0,0.72,115.0,0.34,1.0,0.0,0.4925,
0.4091,6.0,11.0,0.0,,0.64,136.0,0.34,1.0,0.0,0.4179,1.0
0.4242,4.0,3.0,0.0,10.0,0.64,154.0,0.34,1.0,0.0,0.3881,1.0
0.4242,-11.1,2.0,0.0,11.0,0.94,125.0,0.34,1.0,13.8775,16.355,1.0
0.4394,0.0,5.0,0.0,12.0,1.0,130.0,0.32,1.0,0.0,0.3284,1.0
0.4242,1.0,9.0,0.0,13.0,1.0,130.0,0.32,1.0,0.0,0.3284,-7.45
0.4394,2.0,22.0,0.0,14.0,1.0,111.0,0.32,1.0,0.0,0.4179,1.0
0.4394,2.0,31.0,0.0,15.0,1.0,64.0,0.32,1.0,0.0,0.5224,1.0
0.4394,5.0,62.0,0.0,16.0,0.94,60.0,0.32,,0.0,0.5821,1.0
0.3333,9.0,79.0,0.0,17.0,0.88,59.0,0.32,1.0,0.0,0.6567,1.0
,1.0,39.0,0.0,18.0,0.88,38.0,0.34,1.0,0.0,0.5821,1.0
0.3485,0.0,7.0,,19.0,0.87,29.0,0.34,1.0,1.0,0.5821,1.0
0.3485,0.0,11.0,0.0,20.0,0.93,26.0,0.36,1.0,1.0,0.4925,1.0
-3.4875,2.0,25.0,0.0,21.0,0.81,30.0,,1.0,1.0,0.6119,1.0
,0.0,23.0,0.0,22.0,0.7,26.727362499999998,0.42,1.0,-8.462499999999999,-9.925,
0.2879,-11.1,11.0,0.0,23.0,0.7,8.0,0.52,1.0,1.0,0.7463,1.0
0.2576,10.0,7.0,0.0,1.0,,1.0,0.54,1.0,1.0,0.6418,1.0
0.2727,15.0,10.0,0.0,2.0,0.69,8.0,,1.0,1.0,0.6119,1.0
0.2879,13.0,9.0,0.0,3.0,0.64,26.0,0.56,1.0,1.0,0.4478,1.0
0.303,18.0,4.0,0.0,4.0,0.59,42.0,0.46,1.0,1.0,0.3582,1.0
0.303,14.0,2.0,0.0,5.0,0.59,79.0,,1.0,1.0,0.5224,1.0
0.3333,15.0,1.0,0.0,6.0,0.59,92.0,0.32,1.0,1.0,0.5522,1.0
0.3333,25.0,1.0,0.0,7.0,0.55,132.0,0.32,1.0,1.0,0.4925,1.0
0.3182,21.0,34.0,0.0,8.0,0.52,169.0,0.3,1.0,1.0,0.4478,1.0
0.303,18.0,91.0,0.0,9.0,0.45,26.727362499999998,0.3,1.0,1.0,0.4478,1.0
0.303,19.0,134.0,0.0,11.0,0.39,170.0,0.26,1.0,13.8775,0.5522,
0.303,6.0,60.0,0.0,13.0,0.34,103.0,0.24,1.0,1.0,0.5522,0.0
0.303,11.0,96.0,0.0,14.0,,86.0,,1.0,1.0,0.5522,0.0
0.2879,-11.1,70.0,0.0,15.0,0.34,72.0,,1.0,1.0,0.2985,0.0
0.2273,3.0,96.0,-10.884125000000001,17.0,0.49,67.0,0.22,1.0,1.0,0.2537,0.0
0.2273,0.0,122.0,0.0,18.0,0.61,53.0,0.22,1.0,1.0,0.1045,0.0
0.2273,1.0,233.0,0.0,19.0,0.56,25.0,0.22,1.0,1.0,0.2836,0.0
0.2273,18.259999999999998,233.0,0.0,20.0,0.62,7.0,0.22,,1.0,0.194,-7.45
0.2121,2.0,92.0,0.0,22.0,0.69,4.0,0.24,1.0,2.0,0.1642,0.0
0.2273,18.259999999999998,54.0,0.0,23.0,0.69,27.0,0.26,1.0,2.0,0.1045,0.0
0.2576,9.0,35.0,0.0,0.0,0.69,-15.878937499999997,0.3,1.0,2.0,0.0,0.0
0.2879,25.0,22.0,0.0,1.0,0.69,242.0,0.3,1.0,2.0,0.1642,0.0
0.303,21.0,10.0,0.0,-6.625,0.75,127.0,0.32,,,0.0896,0.0
0.303,36.0,4.0,0.0,3.0,0.69,79.0,0.34,2.0,2.0,0.0896,0.0
5.2925,51.0,1.0,0.0,4.0,0.55,74.0,0.34,3.5,2.0,0.1642,0.0
0.3333,62.0,7.0,0.0,5.0,0.64,36.0,,2.0,,0.1343,0.0
,70.0,2.0,0.0,6.0,0.65,-15.878937499999997,0.36,2.0,2.0,0.1343,0.0
0.4545,100.0,,0.0,8.0,0.49,24.0,0.36,2.0,2.0,0.0,0.0
0.4545,-11.1,128.0,0.0,9.0,0.53,35.0,0.34,3.0,2.0,0.0,0.0
0.4242,54.0,257.0,0.0,10.0,0.43,40.0,0.32,3.0,2.0,0.2239,0.0
0.4242,,151.0,0.0,11.0,0.25,77.0,0.3,,2.0,0.1642,0.0
0.4091,22.0,71.0,0.0,12.0,0.23,127.0,0.28,2.0,2.0,0.3284,0.0
0.3939,36.0,78.0,0.0,13.0,0.19,79.0,0.28,3.0,2.0,0.3284,0.0
0.3939,11.0,98.0,0.0,15.0,0.23,,0.26,2.0,2.0,0.3284,0.0
0.3939,3.0,72.0,0.0,16.0,0.23,72.0,0.26,2.0,2.0,0.2985,
0.3485,10.0,,0.0,17.0,0.28,45.0,-2.388,3.0,2.0,0.1642,0.0
0.3333,6.0,108.0,0.0,18.0,0.29,7.0,0.26,2.0,3.0,0.0,0.0
0.3333,4.0,248.0,0.0,19.0,0.29,3.0,0.24,3.0,3.0,0.2985,0.0
0.3485,2.0,150.0,0.0,21.0,0.3,4.0,0.24,2.0,3.0,0.2836,0.0
0.4091,11.0,76.0,0.0,22.0,,2.0,0.24,,3.0,0.2985,
0.4091,8.0,75.0,0.0,23.0,0.3,1.0,0.26,2.0,3.0,0.2836,0.0
0.4242,36.0,55.0,0.0,0.0,0.27,1.0,0.28,2.0,3.0,0.2537,0.0
0.4394,88.0,41.0,0.0,,0.27,46.0,0.3,3.0,3.0,0.1045,0.0
0.4545,74.0,9.0,0.0,2.0,0.31,105.0,0.36,3.0,3.0,0.194,0.0
0.4545,97.0,4.0,,3.0,0.33,204.0,,3.0,3.0,0.3284,0.0
0.4545,144.0,2.0,0.0,4.0,0.33,116.0,0.42,3.0,3.0,0.2537,0.0
0.4697,149.0,3.0,0.0,-6.625,0.42,,0.44,3.0,3.0,0.4478,0.0
0.4545,124.0,2.0,0.0,6.0,0.39,48.0,0.46,,3.0,0.4179,0.0
0.4091,55.0,8.0,,7.0,0.37,80.0,0.48,3.0,3.0,0.3881,0.0
0.3333,28.0,37.3936875,0.0,8.0,0.29,65.0,0.42,3.0,,0.3582,0.0
0.2727,8.0,141.0,-10.884125000000001,10.0,0.25,57.0,,3.0,3.0,0.3582,0.0
0.2576,5.0,57.0,18.130475,,0.25,92.0,0.4,1.0,,0.3881,17.07
0.2727,4.0,59.0,0.0,,0.21,230.0,0.38,1.0,3.0,0.4478,0.0
0.2879,0.0,-22.322812499999998,0.0,13.0,0.23,214.0,0.38,1.0,3.0,0.4179,0.0
5.2925,0.0,99.0,0.0,-6.625,0.23,115.0,0.36,1.0,3.0,0.4179,12.07
0.2727,1.0,112.0,0.0,16.0,0.22,86.0,0.36,1.0,3.0,0.2836,0.0
5.2925,24.0,188.0,0.0,10.375,0.4,44.0,0.32,1.0,,0.2537,0.0
0.303,13.0,134.0,0.0,19.0,0.4,23.0,0.34,1.0,3.0,0.2537,0.0
0.3182,-11.1,91.0,18.130475,20.0,0.4,5.0,0.34,1.0,,0.0,0.0
0.3333,26.0,62.0,0.0,21.0,0.4,4.0,0.36,1.0,,0.0,0.0
0.3939,24.0,18.0,0.0,23.0,0.43,,0.34,1.0,-8.462499999999999,0.1045,0.0
,27.0,3.0,0.0,10.375,0.55,1.0,0.42,1.0,4.0,0.1642,0.0
0.3939,24.0,2.0,,1.0,0.64,0.0,0.52,1.0,4.0,0.194,0.0
0.4091,27.0,1.0,0.0,2.0,,5.0,0.56,2.0,4.0,0.194,0.0
5.2925,42.0,3.0,0.0,3.0,0.74,39.0,0.56,2.0,4.0,0.1642,
0.3636,25.0,12.0,0.0,4.0,0.74,108.0,0.46,1.0,4.0,0.2239,0.0
0.3182,23.0,44.0,0.0,6.0,0.74,243.0,0.42,1.0,4.0,0.1343,0.0
0.3333,5.0,24.0,0.0,7.0,0.74,141.0,0.42,-2.5,4.0,0.2836,0.0
0.3333,4.0,17.0,0.0,8.0,,65.0,0.42,2.0,4.0,0.2239,0.0
0.3485,7.0,11.0,0.0,9.0,0.74,,0.4,,4.0,0.2537,-10.450000000000001
0.303,4.0,34.0,0.0,10.0,0.6,62.0,0.46,1.0,4.0,0.2537,0.0
-3.4875,1.0,12.0,0.0,11.0,0.6,90.0,0.44,2.0,4.0,0.2537,0.0
0.2273,0.0,12.0,,12.0,0.52,75.0,0.44,2.0,4.0,0.194,0.0
0.2273,18.259999999999998,14.0,0.0,13.0,0.43,91.0,-2.388,2.0,4.0,0.1642,0.0
0.2424,10.0,21.0,0.0,14.0,0.42,112.0,0.34,2.0,4.0,0.1343,0.0
0.3333,10.0,-22.322812499999998,0.0,15.0,0.4,-15.878937499999997,0.32,1.0,4.0,0.1642,0.0
0.3182,27.0,38.0,0.0,17.0,0.46,144.0,0.26,1.0,4.0,0.1045,0.0
0.3485,32.0,28.0,0.0,18.0,0.5,86.0,0.24,1.0,,0.1343,0.0
0.3333,23.0,34.0,0.0,19.0,0.53,68.0,0.22,1.0,,0.1642,0.0
0.3939,14.0,,0.0,20.0,0.61,44.0,0.22,1.0,4.0,,0.0
0.3939,21.0,8.0,,22.0,0.7,10.0,0.2,1.0,5.0,0.1045,0.0
0.3333,18.0,-22.322812499999998,,23.0,0.7,1.0,0.2,1.0,5.0,0.0896,-10.450000000000001
0.3333,2.0,,,1.0,0.81,1.0,0.22,1.0,5.0,0.0896,1.0
0.3182,1.0,114.0,,3.0,-7.178000000000001,1.0,,1.0,5.0,0.1045,1.0
-3.4875,1.0,259.0,0.0,4.0,0.87,7.0,0.28,1.0,5.0,0.0896,
0.2879,0.0,156.0,0.0,5.0,0.87,34.0,-2.388,1.0,5.0,0.0,1.0
-3.4875,1.0,78.0,0.0,6.0,0.93,110.0,0.32,1.0,5.0,0.0896,17.07
0.3182,0.0,-22.322812499999998,0.0,8.0,1.0,135.0,0.34,1.0,5.0,0.0,-7.45
0.3182,26.0,-22.322812499999998,0.0,9.0,1.0,49.0,0.34,1.0,5.0,0.1642,1.0
0.3485,13.0,113.0,0.0,11.0,1.0,40.0,0.34,1.0,5.0,0.0,1.0
0.4091,23.0,223.0,0.0,12.0,0.93,65.0,0.32,1.0,5.0,0.0,1.0
0.4091,18.0,153.0,0.0,13.0,0.93,,0.3,1.0,5.0,0.0896,1.0
0.4091,33.0,118.0,0.0,14.0,0.76,60.0,0.3,1.0,5.0,0.0896,1.0
0.4091,22.0,76.0,0.0,15.0,0.67,62.0,0.26,1.0,5.0,0.0896,1.0
0.4091,30.0,53.0,0.0,16.0,0.67,65.0,-2.388,1.0,5.0,0.0896,1.0
0.4394,37.0,64.0,0.0,17.0,0.59,,0.24,1.0,5.0,0.1343,1.0
0.4394,18.0,34.0,0.0,19.0,0.59,101.0,0.22,1.0,5.0,0.1343,1.0
0.4242,18.259999999999998,18.0,0.0,20.0,0.59,69.0,0.22,1.0,5.0,0.194,1.0
0.4242,3.0,14.0,0.0,21.0,0.59,48.0,0.22,,5.0,0.194,1.0
0.4091,9.0,1.0,,23.0,0.67,50.0,0.22,1.0,5.0,0.2239,1.0
0.3939,4.0,2.0,0.0,0.0,-7.178000000000001,23.0,0.2,2.0,6.0,0.2985,
-3.4875,1.0,4.0,-10.884125000000001,1.0,0.72,12.0,0.22,2.0,13.8775,0.2836,1.0
0.3333,1.0,,0.0,2.0,0.77,4.0,0.22,2.0,6.0,0.3881,1.0
0.3333,0.0,99.0,0.0,4.0,0.77,1.0,0.24,3.0,6.0,0.3582,1.0
0.3182,,119.0,,5.0,0.77,0.0,0.28,2.0,6.0,0.2985,1.0
0.3485,17.0,,0.0,6.0,0.82,7.0,0.32,2.0,6.0,0.2985,1.0
0.4091,23.0,157.0,0.0,7.0,0.82,28.0,0.34,2.0,-8.462499999999999,0.3881,1.0
0.4394,9.0,166.0,,8.0,0.88,83.0,0.4,2.0,6.0,0.2836,-7.45
0.4394,20.0,182.0,0.0,9.0,0.94,222.0,0.5,1.0,6.0,0.194,1.0
,24.0,244.0,-10.884125000000001,10.0,1.0,138.0,0.52,2.0,,0.3284,12.07
0.5,26.0,213.0,0.0,11.0,11.9068,56.0,0.54,2.0,6.0,0.2985,1.0
0.5,30.0,112.0,0.0,10.375,1.0,87.0,0.5,3.0,6.0,0.3582,1.0
0.4848,34.0,,0.0,14.0,1.0,74.0,0.46,3.0,6.0,-9.925,1.0
0.4848,48.0,82.0,0.0,15.0,-7.178000000000001,65.0,0.4,3.0,6.0,0.2836,1.0
0.4545,50.0,63.0,0.0,16.0,0.94,75.0,0.36,3.0,6.0,0.2239,1.0
0.4394,18.0,49.0,0.0,17.0,1.0,101.0,0.34,3.0,6.0,0.0,1.0
0.4242,25.0,38.0,0.0,18.0,1.0,206.0,0.3,3.0,6.0,0.0,1.0
0.4242,19.0,33.0,0.0,19.0,1.0,172.0,0.26,3.0,6.0,0.0,1.0
0.3485,1.0,34.0,0.0,0.0,1.0,40.0,0.2,2.0,6.0,0.1045,1.0
0.3939,2.0,44.0,0.0,1.0,0.93,40.0,0.16,1.0,13.8775,0.0896,1.0
0.4545,18.0,181.0,0.0,2.0,1.0,15.0,0.14,1.0,0.0,0.1343,1.0
0.5,43.0,194.0,0.0,3.0,1.0,20.0,0.14,1.0,0.0,0.1343,1.0
0.5152,-11.1,221.0,0.0,4.0,1.0,15.0,0.12,1.0,0.0,0.3582,1.0
,72.0,250.0,0.0,5.0,1.0,2.0,0.14,1.0,0.0,0.3284,1.0
0.6212,57.0,304.0,0.0,6.0,0.8,1.0,0.16,1.0,0.0,0.4478,1.0
0.6364,62.0,241.0,0.0,8.0,0.75,3.0,0.2,1.0,0.0,0.4627,17.07
0.6364,95.0,101.0,0.0,10.0,0.75,34.0,0.22,1.0,0.0,0.4627,1.0
0.6364,84.0,77.0,0.0,11.0,0.75,48.0,0.24,1.0,,0.6119,1.0
0.6212,58.0,37.3936875,0.0,12.0,0.64,69.0,0.24,1.0,0.0,0.806,
0.6212,46.0,37.0,0.0,13.0,0.6,116.0,0.26,1.0,-8.462499999999999,0.4627,1.0
0.6212,22.0,28.0,18.130475,14.0,0.48,121.0,0.26,1.0,0.0,0.7463,1.0
0.6212,55.0,11.0,0.0,15.0,0.42,130.0,0.24,1.0,0.0,0.4925,1.0
0.6212,26.0,1.0,0.0,16.0,0.36,118.0,0.2,1.0,0.0,0.4478,1.0
0.6212,26.0,1.0,0.0,17.0,0.36,122.0,,1.0,13.8775,0.6119,1.0
0.5455,16.0,3.0,0.0,18.0,0.31,130.0,,1.0,0.0,0.3881,1.0
0.5303,5.0,8.0,0.0,19.0,11.9068,104.0,0.2,1.0,0.0,0.4478,1.0
0.5,1.0,28.0,0.0,20.0,0.29,115.0,0.18,1.0,0.0,0.3284,1.0
0.4394,,241.0,0.0,-6.625,0.31,62.0,0.2,1.0,0.0,0.194,1.0
0.4091,4.0,140.0,0.0,22.0,0.33,58.0,0.18,1.0,0.0,0.2985,1.0
0.4242,11.0,84.0,,23.0,,60.0,0.18,1.0,0.0,16.355,1.0
0.4242,35.0,71.0,0.0,0.0,0.38,-15.878937499999997,0.18,1.0,0.0,,1.0
0.4545,126.0,75.0,0.0,2.0,0.48,41.0,0.16,1.0,0.0,0.0896,1.0
0.4848,168.0,101.0,0.0,6.0,,27.0,0.16,1.0,0.0,0.1045,12.07
,175.0,271.0,0.0,7.0,0.52,27.0,0.16,1.0,1.0,0.0,1.0
0.4545,92.0,150.0,0.0,,0.64,3.0,0.22,1.0,1.0,0.0896,1.0
0.4394,38.0,129.0,0.0,,0.69,1.0,0.24,1.0,1.0,0.0,1.0
0.4242,39.0,63.0,0.0,11.0,0.59,5.0,0.28,1.0,1.0,0.1642,1.0
0.4091,20.0,47.0,0.0,12.0,0.64,8.0,0.32,1.0,1.0,0.1343,1.0
0.4091,27.0,19.0,0.0,13.0,0.55,-15.878937499999997,0.34,1.0,13.8775,0.0,1.0
0.303,7.0,14.0,,14.0,0.41,,0.36,1.0,1.0,0.1642,1.0
0.2727,1.0,2.0,0.0,17.0,0.23,83.0,0.36,1.0,1.0,0.2537,1.0
0.2576,2.0,11.0,0.0,18.0,0.25,27.0,0.34,,1.0,-9.925,1.0
0.2576,3.0,35.0,0.0,19.0,0.2,4.0,0.32,1.0,1.0,0.2836,1.0
0.2273,5.0,282.0,0.0,20.0,0.18,8.0,0.3,1.0,1.0,0.2836,1.0
0.303,35.0,78.0,0.0,22.0,0.27,23.0,0.3,1.0,1.0,0.2239,1.0
0.3485,55.0,-22.322812499999998,0.0,23.0,0.27,23.0,0.3,1.0,1.0,0.194,1.0
0.3636,120.0,97.0,0.0,1.0,0.39,8.0,0.28,1.0,1.0,0.1642,1.0
0.3939,88.0,88.0,0.0,2.0,,6.0,0.3,1.0,1.0,0.2537,1.0
0.4242,92.0,,0.0,6.0,0.65,4.0,0.3,1.0,1.0,0.2836,1.0
0.4091,83.0,225.0,0.0,7.0,0.52,2.0,0.3,1.0,1.0,0.2836,1.0
0.3182,10.0,55.0,0.0,-6.625,0.7,26.727362499999998,0.3,1.0,1.0,0.194,1.0
0.303,8.0,21.0,0.0,11.0,0.75,1.0,0.3,1.0,1.0,0.1343,1.0
0.303,,18.0,0.0,12.0,0.81,26.727362499999998,0.3,1.0,1.0,0.0896,1.0
